{"stat.pickup.minecraft.wooden_slab":3,"stat.pickup.iceandfire.fire_dragon_flesh":10,"stat.leaveGame":23,"stat.craftItem.minecraft.iron_axe":1,"stat.useItem.minecraft.planks":7,"stat.pickup.minecraft.glowstone_dust":6,"stat.craftItem.iceandfire.armor_green_chestplate":1,"stat.pickup.minecraft.sand":24,"stat.craftItem.minecraft.stone_axe":1,"stat.mineBlock.minecraft.wooden_slab":1,"stat.entityKilledBy.firedragon":7,"stat.pickup.minecraft.brown_mushroom":3,"stat.mineBlock.minecraft.sand":17,"stat.pickup.iceandfire.ash":2,"stat.killEntity.Witch":2,"stat.craftItem.spartanshields.shield_basic_wood":1,"stat.pickup.iceandfire.silver_ingot":1,"stat.drop.spartanweaponry.katana_iron":1,"stat.useItem.minecraft.iron_pickaxe":250,"stat.pickup.minecraft.stained_hardened_clay":1,"stat.craftItem.minecraft.wooden_pickaxe":1,"stat.craftItem.minecraft.bed":3,"stat.furnaceInteraction":52,"stat.drop.minecraft.red_flower":1,"stat.pickup.minecraft.beef":24,"stat.useItem.minecraft.cooked_mutton":16,"stat.pickup.minecraft.furnace":12,"stat.pickup.minecraft.hay_block":40,"stat.craftItem.travelersbackpack.travelers_backpack":1,"stat.mineBlock.minecraft.stained_hardened_clay":1,"stat.pickup.minecraft.iron_chestplate":1,"stat.pickup.minecraft.skull":1,"stat.craftItem.ebwizardry.magic_wand":1,"stat.killEntity.Husk":1,"stat.pickup.betteranimalsplus.moosehead_4":1,"stat.pickup.dynamictrees.oakseed":4,"stat.useItem.spartanweaponry.halberd_iron":1,"stat.deaths":17,"stat.pickup.dynamictrees.oakbranch":1,"stat.pickup.minecraft.egg":4,"stat.playOneMinute":233072,"stat.mineBlock.minecraft.stone_pressure_plate":1,"stat.craftItem.minecraft.iron_pickaxe":1,"stat.pickup.iceandfire.armor_gray_leggings":1,"stat.craftItem.minecraft.cooked_mutton":28,"stat.mineBlock.minecraft.tallgrass":34,"stat.pickup.minecraft.cooked_mutton":5,"stat.chestOpened":27,"stat.useItem.minecraft.stone":13,"stat.mineBlock.iceandfire.fire_lily":1,"stat.craftItem.minecraft.iron_hoe":1,"stat.fallOneCm":167698,"stat.drop.minecraft.stone":6,"stat.pickup.minecraft.carrot":1,"stat.crouchOneCm":27555,"stat.craftItem.minecraft.iron_ingot":41,"stat.craftItem.minecraft.chest":1,"stat.pickup.minecraft.painting":2,"stat.craftingTableInteraction":29,"stat.entityKilledBy.ebwizardry:evil_wizard":1,"stat.pickup.iceandfire.silver_ore":2,"stat.useItem.minecraft.furnace":5,"stat.pickup.iceandfire.dragonscales_red":19,"stat.pickup.minecraft.planks":10,"stat.pickup.minecraft.iron_leggings":1,"stat.pickup.minecraft.wheat_seeds":17,"stat.drop.iceandfire.fire_dragon_heart":2,"stat.useItem.minecraft.stone_pickaxe":94,"stat.craftItem.minecraft.iron_leggings":1,"stat.mineBlock.minecraft.dirt":37,"stat.drop.minecraft.iron_axe":1,"stat.useItem.minecraft.torch":29,"stat.useItem.minecraft.bread":61,"stat.pickup.minecraft.golden_apple":1,"stat.drop.tombstone.crafting_ingredient":1,"stat.mineBlock.iceandfire.silver_ore":2,"stat.pickup.minecraft.crafting_table":10,"stat.useItem.minecraft.cobblestone":152,"stat.craftItem.minecraft.crafting_table":3,"stat.mineBlock.minecraft.double_plant":1,"stat.pickup.minecraft.log":22,"stat.drop.minecraft.carrot":1,"stat.pickup.minecraft.chainmail_leggings":1,"stat.pickup.minecraft.wooden_door":2,"stat.drop.minecraft.bow":1,"stat.drop.dynamictrees.oakseed":4,"stat.craftItem.minecraft.bucket":1,"stat.craftItem.minecraft.planks":88,"stat.pickup.minecraft.diamond_helmet":1,"stat.pickup.iceandfire.dragonscales_green":96,"stat.craftItem.minecraft.cooked_chicken":6,"stat.pickup.iceandfire.dragonbone":3,"stat.pickup.minecraft.red_flower":5,"stat.sneakTime":8576,"stat.pickup.minecraft.wool":4,"stat.drop.minecraft.bucket":1,"stat.drop.minecraft.yellow_flower":1,"stat.pickup.minecraft.yellow_flower":4,"stat.pickup.minecraft.stone_pressure_plate":1,"stat.useItem.minecraft.iron_axe":53,"stat.mineBlock.minecraft.cobblestone":7,"stat.pickup.minecraft.leather_chestplate":1,"stat.useItem.minecraft.diamond_sword":234,"stat.craftItem.minecraft.wool":2,"stat.swimOneCm":60262,"stat.climbOneCm":413,"stat.pickup.tombstone.tablet_of_assistance":1,"stat.drop.minecraft.brown_mushroom":1,"stat.useItem.minecraft.dirt":31,"stat.useItem.minecraft.stone_slab2":38,"stat.pickup.minecraft.bow":1,"stat.killEntity.deathworm":1,"stat.craftItem.minecraft.furnace":3,"stat.useItem.minecraft.egg":4,"stat.drop.iceandfire.silver_ore":2,"stat.craftItem.spartanshields.shield_basic_iron":1,"stat.craftItem.minecraft.iron_boots":1,"stat.craftItem.minecraft.stone_pickaxe":1,"stat.entityKilledBy.myrmex_worker":1,"stat.pickup.minecraft.cobblestone":278,"stat.pickup.minecraft.diamond_leggings":2,"stat.flyOneCm":1391305,"stat.pickup.minecraft.sandstone":2,"stat.drop.minecraft.wheat_seeds":2,"stat.pickup.iceandfire.fire_lily":1,"stat.pickup.minecraft.cactus":2,"stat.mineBlock.minecraft.iron_ore":44,"stat.timeSinceDeath":34768,"stat.pickup.minecraft.mutton":10,"stat.mineBlock.ebwizardry.arcane_workbench":1,"stat.pickup.ebwizardry.arcane_workbench":1,"stat.pickup.minecraft.stonebrick":17,"stat.mineBlock.minecraft.coal_ore":54,"stat.pickup.minecraft.string":1,"stat.craftItem.ebwizardry.spell_book":1,"stat.craftItem.minecraft.stone_slab2":0,"stat.pickup.minecraft.sandstone_stairs":1,"stat.sprintOneCm":758437,"stat.craftItem.minecraft.stick":8,"stat.killEntity.ebwizardry:evil_wizard":1,"stat.craftItem.minecraft.gold_nugget":9,"stat.mineBlock.minecraft.diamond_ore":18,"stat.mineBlock.minecraft.crafting_table":10,"stat.useItem.minecraft.diamond_pickaxe":127,"stat.killEntity.cqr_mummy":13,"stat.pickup.minecraft.diamond_chestplate":1,"stat.mineBlock.minecraft.planks":4,"stat.drop":24,"stat.killEntity.Sheep":21,"stat.craftItem.minecraft.diamond_pickaxe":1,"stat.drop.ebwizardry.crystal_flower":2,"stat.killEntity.Zombie":5,"stat.craftItem.minecraft.dye":2,"stat.pickup.iceandfire.chared_dirt":2,"stat.diveOneCm":49299,"stat.drop.betteranimalsplus.moosehead_4":1,"stat.pickup.iceandfire.dragonscales_bronze":15,"stat.drop.minecraft.wooden_pickaxe":1,"stat.craftItem.iceandfire.armor_green_helmet":1,"stat.pickup.minecraft.stone_brick_stairs":1,"stat.pickup.minecraft.diamond_sword":1,"stat.craftItem.minecraft.diamond_sword":1,"stat.craftItem.travelersbackpack.backpack_tank":2,"stat.jump":5842,"stat.useItem.minecraft.sand":4,"stat.pickup.minecraft.coal":160,"stat.pickup.minecraft.iron_helmet":2,"stat.pickup.minecraft.iron_ingot":8,"stat.useItem.minecraft.stone_axe":47,"stat.craftItem.minecraft.bread":120,"stat.pickup.iceandfire.chared_stone":6,"stat.craftItem.minecraft.torch":32,"stat.pickup.minecraft.dirt":35,"stat.craftItem.minecraft.iron_helmet":1,"stat.useItem.minecraft.cooked_chicken":6,"stat.pickup.minecraft.iron_ore":44,"stat.pickup.iceandfire.fire_dragon_heart":3,"stat.pickup.minecraft.iron_axe":1,"stat.mineBlock.minecraft.leaves2":3,"stat.damageTaken":7772,"stat.craftItem.iceandfire.armor_green_leggings":1,"stat.mineBlock.minecraft.furnace":12,"stat.mineBlock.minecraft.torch":2,"stat.mineBlock.minecraft.red_flower":3,"stat.useItem.minecraft.wooden_pickaxe":6,"stat.tradedWithVillager":1,"stat.pickup.ebwizardry.crystal_flower":2,"stat.mineBlock.minecraft.sandstone_stairs":1,"stat.pickup.minecraft.bed":8,"tombstone:undead_killed":23,"stat.pickup.minecraft.diamond_axe":1,"stat.damageDealt":15252,"stat.pickup.iceandfire.chared_grass":3,"stat.craftItem.minecraft.glass":14,"stat.sleepInBed":7,"stat.killEntity.Cow":2,"stat.useItem.minecraft.crafting_table":1,"stat.drop.minecraft.painting":1,"stat.walkOneCm":373529,"stat.pickup.minecraft.stick":21,"stat.useItem.spartanweaponry.battleaxe_iron":1,"stat.craftItem.minecraft.diamond_boots":1,"stat.craftItem.minecraft.wheat":360,"stat.useItem.tombstone.gift":1,"stat.pickup.minecraft.stone":57,"stat.craftItem.minecraft.iron_chestplate":1,"stat.drop.minecraft.wooden_slab":3,"stat.pickup.minecraft.gold_ingot":1,"stat.killEntity.Skeleton":4,"stat.craftItem.travelersbackpack.sleeping_bag_bottom":1,"stat.killEntity.Chicken":7,"stat.killEntity.Spider":4,"stat.pickup.minecraft.bread":2,"stat.mobKills":69,"stat.useItem.minecraft.golden_apple":1,"stat.pickup.minecraft.diamond":22,"stat.pickup.minecraft.torch":2,"stat.craftItem.iceandfire.armor_green_boots":1,"stat.killEntity.firedragon":2,"stat.mineBlock.minecraft.hay_block":41,"stat.mineBlock.minecraft.stone":318}