{"stat.pickup.minecraft.wooden_slab":3,"stat.pickup.iceandfire.fire_dragon_flesh":10,"stat.leaveGame":13,"stat.craftItem.minecraft.iron_axe":1,"stat.useItem.minecraft.planks":4,"stat.craftItem.iceandfire.armor_green_chestplate":1,"stat.pickup.minecraft.sand":19,"stat.craftItem.minecraft.stone_axe":1,"stat.mineBlock.minecraft.wooden_slab":1,"stat.entityKilledBy.firedragon":7,"stat.mineBlock.minecraft.sand":17,"stat.pickup.iceandfire.ash":2,"stat.killEntity.Witch":1,"stat.craftItem.spartanshields.shield_basic_wood":1,"stat.useItem.minecraft.iron_pickaxe":250,"stat.pickup.minecraft.stained_hardened_clay":1,"stat.craftItem.minecraft.wooden_pickaxe":1,"stat.craftItem.minecraft.bed":3,"stat.furnaceInteraction":50,"stat.drop.minecraft.red_flower":1,"stat.useItem.minecraft.cooked_mutton":16,"stat.pickup.minecraft.furnace":12,"stat.pickup.minecraft.hay_block":40,"stat.craftItem.travelersbackpack.travelers_backpack":1,"stat.mineBlock.minecraft.stained_hardened_clay":1,"stat.pickup.minecraft.iron_chestplate":1,"stat.craftItem.ebwizardry.magic_wand":1,"stat.pickup.dynamictrees.oakseed":4,"stat.deaths":15,"stat.pickup.dynamictrees.oakbranch":1,"stat.pickup.minecraft.egg":4,"stat.playOneMinute":173067,"stat.mineBlock.minecraft.stone_pressure_plate":1,"stat.craftItem.minecraft.iron_pickaxe":1,"stat.pickup.iceandfire.armor_gray_leggings":1,"stat.craftItem.minecraft.cooked_mutton":28,"stat.mineBlock.minecraft.tallgrass":32,"stat.pickup.minecraft.cooked_mutton":5,"stat.chestOpened":18,"stat.useItem.minecraft.stone":13,"stat.mineBlock.iceandfire.fire_lily":1,"stat.craftItem.minecraft.iron_hoe":1,"stat.fallOneCm":120417,"stat.drop.minecraft.stone":6,"stat.crouchOneCm":19818,"stat.craftItem.minecraft.iron_ingot":41,"stat.craftItem.minecraft.chest":1,"stat.craftingTableInteraction":29,"stat.entityKilledBy.ebwizardry:evil_wizard":1,"stat.pickup.iceandfire.silver_ore":2,"stat.useItem.minecraft.furnace":5,"stat.pickup.iceandfire.dragonscales_red":19,"stat.pickup.minecraft.planks":4,"stat.pickup.minecraft.iron_leggings":1,"stat.pickup.minecraft.wheat_seeds":15,"stat.drop.iceandfire.fire_dragon_heart":1,"stat.useItem.minecraft.stone_pickaxe":94,"stat.craftItem.minecraft.iron_leggings":1,"stat.mineBlock.minecraft.dirt":29,"stat.drop.minecraft.iron_axe":1,"stat.useItem.minecraft.torch":28,"stat.useItem.minecraft.bread":23,"stat.drop.tombstone.crafting_ingredient":1,"stat.mineBlock.iceandfire.silver_ore":2,"stat.pickup.minecraft.crafting_table":10,"stat.useItem.minecraft.cobblestone":118,"stat.craftItem.minecraft.crafting_table":3,"stat.mineBlock.minecraft.double_plant":1,"stat.pickup.minecraft.log":22,"stat.pickup.minecraft.chainmail_leggings":1,"stat.drop.dynamictrees.oakseed":4,"stat.craftItem.minecraft.bucket":1,"stat.craftItem.minecraft.planks":88,"stat.pickup.minecraft.diamond_helmet":1,"stat.pickup.iceandfire.dragonscales_green":96,"stat.craftItem.minecraft.cooked_chicken":6,"stat.pickup.minecraft.red_flower":5,"stat.sneakTime":6901,"stat.drop.minecraft.bucket":1,"stat.drop.minecraft.yellow_flower":1,"stat.pickup.minecraft.yellow_flower":4,"stat.pickup.minecraft.stone_pressure_plate":1,"stat.useItem.minecraft.iron_axe":53,"stat.mineBlock.minecraft.cobblestone":7,"stat.useItem.minecraft.diamond_sword":103,"stat.craftItem.minecraft.wool":2,"stat.swimOneCm":46188,"stat.useItem.minecraft.dirt":9,"stat.useItem.minecraft.stone_slab2":31,"stat.killEntity.deathworm":1,"stat.craftItem.minecraft.furnace":3,"stat.useItem.minecraft.egg":4,"stat.drop.iceandfire.silver_ore":2,"stat.craftItem.spartanshields.shield_basic_iron":1,"stat.craftItem.minecraft.iron_boots":1,"stat.craftItem.minecraft.stone_pickaxe":1,"stat.pickup.minecraft.cobblestone":277,"stat.pickup.minecraft.diamond_leggings":2,"stat.flyOneCm":981864,"stat.pickup.minecraft.sandstone":2,"stat.drop.minecraft.wheat_seeds":2,"stat.pickup.iceandfire.fire_lily":1,"stat.mineBlock.minecraft.iron_ore":44,"stat.timeSinceDeath":47467,"stat.pickup.minecraft.mutton":10,"stat.mineBlock.minecraft.coal_ore":54,"stat.pickup.minecraft.string":1,"stat.craftItem.ebwizardry.spell_book":1,"stat.craftItem.minecraft.stone_slab2":0,"stat.sprintOneCm":529771,"stat.craftItem.minecraft.stick":8,"stat.killEntity.ebwizardry:evil_wizard":1,"stat.craftItem.minecraft.gold_nugget":9,"stat.mineBlock.minecraft.diamond_ore":18,"stat.mineBlock.minecraft.crafting_table":10,"stat.useItem.minecraft.diamond_pickaxe":124,"stat.pickup.minecraft.diamond_chestplate":1,"stat.mineBlock.minecraft.planks":4,"stat.drop":17,"stat.killEntity.Sheep":21,"stat.craftItem.minecraft.diamond_pickaxe":1,"stat.drop.ebwizardry.crystal_flower":2,"stat.killEntity.Zombie":5,"stat.craftItem.minecraft.dye":2,"stat.pickup.iceandfire.chared_dirt":2,"stat.diveOneCm":35994,"stat.drop.minecraft.wooden_pickaxe":1,"stat.craftItem.iceandfire.armor_green_helmet":1,"stat.craftItem.minecraft.diamond_sword":1,"stat.craftItem.travelersbackpack.backpack_tank":2,"stat.jump":4128,"stat.pickup.minecraft.coal":160,"stat.pickup.minecraft.iron_helmet":2,"stat.pickup.minecraft.iron_ingot":3,"stat.useItem.minecraft.stone_axe":47,"stat.craftItem.minecraft.bread":120,"stat.pickup.iceandfire.chared_stone":6,"stat.craftItem.minecraft.torch":32,"stat.pickup.minecraft.dirt":29,"stat.craftItem.minecraft.iron_helmet":1,"stat.useItem.minecraft.cooked_chicken":6,"stat.pickup.minecraft.iron_ore":44,"stat.pickup.iceandfire.fire_dragon_heart":2,"stat.pickup.minecraft.iron_axe":1,"stat.damageTaken":5542,"stat.craftItem.iceandfire.armor_green_leggings":1,"stat.mineBlock.minecraft.furnace":12,"stat.mineBlock.minecraft.torch":2,"stat.mineBlock.minecraft.red_flower":3,"stat.useItem.minecraft.wooden_pickaxe":6,"stat.tradedWithVillager":1,"stat.pickup.ebwizardry.crystal_flower":2,"stat.pickup.minecraft.bed":5,"tombstone:undead_killed":8,"stat.pickup.minecraft.diamond_axe":1,"stat.damageDealt":8333,"stat.pickup.iceandfire.chared_grass":3,"stat.craftItem.minecraft.glass":14,"stat.sleepInBed":5,"stat.killEntity.Cow":2,"stat.useItem.minecraft.crafting_table":1,"stat.walkOneCm":258053,"stat.pickup.minecraft.stick":21,"stat.craftItem.minecraft.diamond_boots":1,"stat.craftItem.minecraft.wheat":360,"stat.useItem.tombstone.gift":1,"stat.pickup.minecraft.stone":57,"stat.craftItem.minecraft.iron_chestplate":1,"stat.drop.minecraft.wooden_slab":3,"stat.killEntity.Skeleton":3,"stat.craftItem.travelersbackpack.sleeping_bag_bottom":1,"stat.killEntity.Chicken":7,"stat.killEntity.Spider":4,"stat.mobKills":52,"stat.pickup.minecraft.diamond":20,"stat.pickup.minecraft.torch":1,"stat.craftItem.iceandfire.armor_green_boots":1,"stat.killEntity.firedragon":2,"stat.mineBlock.minecraft.hay_block":41,"stat.mineBlock.minecraft.stone":318}