{"stat.useItem.minecraft.stone":2,"stat.drop.minecraft.wooden_pickaxe":1,"stat.useItem.minecraft.iron_axe":16,"stat.leaveGame":6,"stat.craftItem.minecraft.iron_axe":1,"stat.jump":873,"stat.swimOneCm":5719,"stat.pickup.minecraft.coal":61,"stat.fallOneCm":16596,"stat.useItem.minecraft.planks":4,"stat.drop.minecraft.stone":6,"stat.useItem.minecraft.stone_axe":47,"stat.crouchOneCm":3519,"stat.craftItem.minecraft.torch":32,"stat.craftItem.minecraft.iron_ingot":19,"stat.pickup.minecraft.dirt":8,"stat.useItem.minecraft.stone_slab2":9,"stat.useItem.minecraft.cooked_chicken":4,"stat.craftingTableInteraction":10,"stat.pickup.minecraft.iron_ore":19,"stat.craftItem.minecraft.furnace":2,"stat.entityKilledBy.ebwizardry:evil_wizard":1,"stat.useItem.minecraft.egg":2,"stat.craftItem.minecraft.stone_axe":1,"stat.craftItem.spartanshields.shield_basic_iron":1,"stat.damageTaken":785,"stat.craftItem.minecraft.stone_pickaxe":1,"stat.mineBlock.minecraft.furnace":3,"stat.useItem.minecraft.wooden_pickaxe":6,"stat.pickup.minecraft.cobblestone":38,"stat.pickup.minecraft.planks":4,"stat.flyOneCm":195569,"stat.pickup.minecraft.bed":1,"tombstone:undead_killed":4,"stat.pickup.minecraft.wheat_seeds":2,"stat.useItem.minecraft.stone_pickaxe":94,"stat.damageDealt":3078,"stat.mineBlock.minecraft.iron_ore":19,"stat.sleepInBed":1,"stat.timeSinceDeath":34427,"stat.craftItem.spartanshields.shield_basic_wood":1,"stat.mineBlock.minecraft.dirt":8,"stat.useItem.minecraft.iron_pickaxe":7,"stat.craftItem.minecraft.wooden_pickaxe":1,"stat.walkOneCm":68372,"stat.craftItem.minecraft.bed":1,"stat.useItem.minecraft.torch":12,"stat.pickup.minecraft.stick":21,"stat.pickup.minecraft.crafting_table":4,"stat.craftItem.minecraft.crafting_table":1,"stat.furnaceInteraction":20,"stat.mineBlock.minecraft.coal_ore":38,"stat.pickup.minecraft.log":22,"stat.useItem.tombstone.gift":1,"stat.useItem.minecraft.cooked_mutton":5,"stat.pickup.minecraft.furnace":3,"stat.craftItem.minecraft.stone_slab2":0,"stat.pickup.minecraft.stone":16,"stat.craftItem.minecraft.iron_chestplate":1,"stat.sprintOneCm":133207,"stat.killEntity.ebwizardry:evil_wizard":1,"stat.killEntity.Skeleton":1,"stat.drop.dynamictrees.oakseed":4,"stat.craftItem.minecraft.planks":68,"stat.killEntity.Chicken":6,"stat.mineBlock.minecraft.crafting_table":4,"stat.killEntity.Spider":1,"stat.mobKills":32,"stat.pickup.dynamictrees.oakseed":4,"stat.craftItem.minecraft.cooked_chicken":6,"stat.deaths":2,"stat.mineBlock.minecraft.planks":4,"stat.drop":4,"stat.pickup.dynamictrees.oakbranch":1,"stat.pickup.minecraft.egg":2,"stat.playOneMinute":46900,"stat.killEntity.Sheep":20,"stat.sneakTime":1719,"stat.craftItem.minecraft.iron_pickaxe":1,"stat.killEntity.Zombie":3,"stat.mineBlock.minecraft.stone":46,"stat.craftItem.minecraft.cooked_mutton":8,"stat.mineBlock.minecraft.tallgrass":8,"stat.diveOneCm":8113,"stat.pickup.minecraft.cooked_mutton":5}