{"stat.useItem.minecraft.iron_axe":19,"stat.leaveGame":7,"stat.mineBlock.minecraft.cobblestone":1,"stat.craftItem.minecraft.iron_axe":1,"stat.swimOneCm":11746,"stat.useItem.minecraft.planks":4,"stat.useItem.minecraft.stone_slab2":20,"stat.craftItem.minecraft.furnace":2,"stat.useItem.minecraft.egg":3,"stat.craftItem.minecraft.stone_axe":1,"stat.craftItem.spartanshields.shield_basic_iron":1,"stat.craftItem.minecraft.iron_boots":1,"stat.craftItem.minecraft.stone_pickaxe":1,"stat.pickup.minecraft.cobblestone":270,"stat.pickup.minecraft.diamond_leggings":2,"stat.flyOneCm":263539,"stat.mineBlock.minecraft.iron_ore":44,"stat.timeSinceDeath":65767,"stat.craftItem.spartanshields.shield_basic_wood":1,"stat.useItem.minecraft.iron_pickaxe":250,"stat.craftItem.minecraft.wooden_pickaxe":1,"stat.pickup.minecraft.mutton":10,"stat.craftItem.minecraft.bed":2,"stat.furnaceInteraction":34,"stat.mineBlock.minecraft.coal_ore":54,"stat.useItem.minecraft.cooked_mutton":5,"stat.pickup.minecraft.furnace":7,"stat.craftItem.minecraft.stone_slab2":0,"stat.sprintOneCm":181946,"stat.pickup.minecraft.iron_chestplate":1,"stat.killEntity.ebwizardry:evil_wizard":1,"stat.mineBlock.minecraft.diamond_ore":18,"stat.mineBlock.minecraft.crafting_table":5,"stat.useItem.minecraft.diamond_pickaxe":108,"stat.pickup.minecraft.diamond_chestplate":1,"stat.pickup.dynamictrees.oakseed":4,"stat.deaths":2,"stat.mineBlock.minecraft.planks":4,"stat.drop":4,"stat.pickup.dynamictrees.oakbranch":1,"stat.pickup.minecraft.egg":3,"stat.playOneMinute":78240,"stat.killEntity.Sheep":21,"stat.craftItem.minecraft.iron_pickaxe":1,"stat.craftItem.minecraft.diamond_pickaxe":1,"stat.killEntity.Zombie":3,"stat.pickup.iceandfire.armor_gray_leggings":1,"stat.craftItem.minecraft.cooked_mutton":18,"stat.mineBlock.minecraft.tallgrass":8,"stat.diveOneCm":9758,"stat.pickup.minecraft.cooked_mutton":5,"stat.useItem.minecraft.stone":13,"stat.drop.minecraft.wooden_pickaxe":1,"stat.jump":1323,"stat.pickup.minecraft.coal":111,"stat.pickup.minecraft.iron_helmet":2,"stat.fallOneCm":25308,"stat.pickup.minecraft.iron_ingot":3,"stat.drop.minecraft.stone":6,"stat.useItem.minecraft.stone_axe":47,"stat.crouchOneCm":10664,"stat.craftItem.minecraft.torch":32,"stat.craftItem.minecraft.iron_ingot":37,"stat.pickup.minecraft.dirt":23,"stat.craftItem.minecraft.iron_helmet":1,"stat.useItem.minecraft.cooked_chicken":6,"stat.craftingTableInteraction":14,"stat.pickup.minecraft.iron_ore":44,"stat.entityKilledBy.ebwizardry:evil_wizard":1,"stat.pickup.iceandfire.silver_ore":2,"stat.damageTaken":840,"stat.mineBlock.minecraft.furnace":7,"stat.mineBlock.minecraft.torch":1,"stat.useItem.minecraft.wooden_pickaxe":6,"stat.useItem.minecraft.furnace":2,"stat.pickup.minecraft.planks":4,"stat.pickup.minecraft.iron_leggings":1,"stat.pickup.minecraft.bed":3,"tombstone:undead_killed":5,"stat.pickup.minecraft.wheat_seeds":2,"stat.useItem.minecraft.stone_pickaxe":94,"stat.craftItem.minecraft.iron_leggings":1,"stat.damageDealt":3198,"stat.sleepInBed":4,"stat.mineBlock.minecraft.dirt":23,"stat.walkOneCm":117265,"stat.useItem.minecraft.torch":28,"stat.pickup.minecraft.stick":21,"stat.mineBlock.iceandfire.silver_ore":2,"stat.pickup.minecraft.crafting_table":5,"stat.useItem.minecraft.cobblestone":51,"stat.craftItem.minecraft.crafting_table":1,"stat.pickup.minecraft.log":22,"stat.craftItem.minecraft.diamond_boots":1,"stat.useItem.tombstone.gift":1,"stat.pickup.minecraft.stone":57,"stat.craftItem.minecraft.iron_chestplate":1,"stat.killEntity.Skeleton":2,"stat.drop.dynamictrees.oakseed":4,"stat.craftItem.minecraft.planks":88,"stat.killEntity.Chicken":6,"stat.pickup.minecraft.diamond_helmet":1,"stat.killEntity.Spider":1,"stat.mobKills":34,"stat.craftItem.minecraft.cooked_chicken":6,"stat.pickup.minecraft.diamond":20,"stat.pickup.minecraft.torch":1,"stat.sneakTime":4250,"stat.mineBlock.minecraft.stone":317}