{"stat.pickup.minecraft.wooden_slab":1,"stat.pickup.iceandfire.fire_dragon_flesh":10,"stat.pickup.minecraft.stone_pressure_plate":1,"stat.useItem.minecraft.iron_axe":51,"stat.leaveGame":11,"stat.mineBlock.minecraft.cobblestone":6,"stat.craftItem.minecraft.iron_axe":1,"stat.useItem.minecraft.diamond_sword":56,"stat.swimOneCm":37030,"stat.useItem.minecraft.planks":4,"stat.craftItem.iceandfire.armor_green_chestplate":1,"stat.useItem.minecraft.dirt":3,"stat.useItem.minecraft.stone_slab2":28,"stat.pickup.minecraft.sand":7,"stat.craftItem.minecraft.furnace":2,"stat.useItem.minecraft.egg":4,"stat.craftItem.minecraft.stone_axe":1,"stat.craftItem.spartanshields.shield_basic_iron":1,"stat.craftItem.minecraft.iron_boots":1,"stat.craftItem.minecraft.stone_pickaxe":1,"stat.pickup.minecraft.cobblestone":276,"stat.pickup.minecraft.diamond_leggings":2,"stat.flyOneCm":834299,"stat.pickup.minecraft.sandstone":2,"stat.entityKilledBy.firedragon":7,"stat.mineBlock.minecraft.sand":7,"stat.pickup.iceandfire.ash":2,"stat.mineBlock.minecraft.iron_ore":44,"stat.timeSinceDeath":17503,"stat.craftItem.spartanshields.shield_basic_wood":1,"stat.useItem.minecraft.iron_pickaxe":250,"stat.pickup.minecraft.stained_hardened_clay":1,"stat.craftItem.minecraft.wooden_pickaxe":1,"stat.pickup.minecraft.mutton":10,"stat.craftItem.minecraft.bed":2,"stat.furnaceInteraction":40,"stat.mineBlock.minecraft.coal_ore":54,"stat.pickup.minecraft.string":1,"stat.useItem.minecraft.cooked_mutton":16,"stat.pickup.minecraft.furnace":9,"stat.craftItem.minecraft.stone_slab2":0,"stat.pickup.minecraft.hay_block":40,"stat.mineBlock.minecraft.stained_hardened_clay":1,"stat.sprintOneCm":441829,"stat.pickup.minecraft.iron_chestplate":1,"stat.craftItem.minecraft.stick":4,"stat.killEntity.ebwizardry:evil_wizard":1,"stat.mineBlock.minecraft.diamond_ore":18,"stat.mineBlock.minecraft.crafting_table":9,"stat.useItem.minecraft.diamond_pickaxe":118,"stat.pickup.minecraft.diamond_chestplate":1,"stat.pickup.dynamictrees.oakseed":4,"stat.deaths":15,"stat.mineBlock.minecraft.planks":4,"stat.drop":10,"stat.pickup.dynamictrees.oakbranch":1,"stat.pickup.minecraft.egg":4,"stat.playOneMinute":143103,"stat.mineBlock.minecraft.stone_pressure_plate":1,"stat.killEntity.Sheep":21,"stat.craftItem.minecraft.iron_pickaxe":1,"stat.craftItem.minecraft.diamond_pickaxe":1,"stat.drop.ebwizardry.crystal_flower":2,"stat.killEntity.Zombie":3,"stat.pickup.iceandfire.armor_gray_leggings":1,"stat.pickup.iceandfire.chared_dirt":2,"stat.craftItem.minecraft.cooked_mutton":28,"stat.mineBlock.minecraft.tallgrass":28,"stat.diveOneCm":34728,"stat.pickup.minecraft.cooked_mutton":5,"stat.chestOpened":9,"stat.useItem.minecraft.stone":13,"stat.drop.minecraft.wooden_pickaxe":1,"stat.craftItem.iceandfire.armor_green_helmet":1,"stat.craftItem.minecraft.diamond_sword":1,"stat.craftItem.minecraft.iron_hoe":1,"stat.jump":3499,"stat.pickup.minecraft.coal":138,"stat.pickup.minecraft.iron_helmet":2,"stat.fallOneCm":107077,"stat.pickup.minecraft.iron_ingot":3,"stat.drop.minecraft.stone":6,"stat.useItem.minecraft.stone_axe":47,"stat.craftItem.minecraft.bread":120,"stat.crouchOneCm":17583,"stat.pickup.iceandfire.chared_stone":6,"stat.craftItem.minecraft.torch":32,"stat.craftItem.minecraft.iron_ingot":37,"stat.pickup.minecraft.dirt":29,"stat.craftItem.minecraft.iron_helmet":1,"stat.useItem.minecraft.cooked_chicken":6,"stat.craftingTableInteraction":19,"stat.pickup.minecraft.iron_ore":44,"stat.pickup.iceandfire.fire_dragon_heart":1,"stat.entityKilledBy.ebwizardry:evil_wizard":1,"stat.pickup.iceandfire.silver_ore":2,"stat.pickup.minecraft.iron_axe":1,"stat.damageTaken":4846,"stat.craftItem.iceandfire.armor_green_leggings":1,"stat.mineBlock.minecraft.furnace":9,"stat.mineBlock.minecraft.torch":2,"stat.useItem.minecraft.wooden_pickaxe":6,"stat.useItem.minecraft.furnace":3,"stat.pickup.iceandfire.dragonscales_red":6,"stat.pickup.ebwizardry.crystal_flower":2,"stat.pickup.minecraft.planks":4,"stat.pickup.minecraft.iron_leggings":1,"stat.pickup.minecraft.bed":4,"tombstone:undead_killed":6,"stat.pickup.minecraft.wheat_seeds":12,"stat.useItem.minecraft.stone_pickaxe":94,"stat.craftItem.minecraft.iron_leggings":1,"stat.damageDealt":6073,"stat.pickup.iceandfire.chared_grass":3,"stat.sleepInBed":4,"stat.mineBlock.minecraft.dirt":29,"stat.drop.minecraft.iron_axe":1,"stat.walkOneCm":207556,"stat.useItem.minecraft.torch":28,"stat.useItem.minecraft.bread":4,"stat.pickup.minecraft.stick":21,"stat.drop.tombstone.crafting_ingredient":1,"stat.mineBlock.iceandfire.silver_ore":2,"stat.pickup.minecraft.crafting_table":9,"stat.useItem.minecraft.cobblestone":106,"stat.craftItem.minecraft.crafting_table":2,"stat.pickup.minecraft.log":22,"stat.craftItem.minecraft.diamond_boots":1,"stat.craftItem.minecraft.wheat":360,"stat.useItem.tombstone.gift":1,"stat.pickup.minecraft.stone":57,"stat.craftItem.minecraft.iron_chestplate":1,"stat.drop.minecraft.wooden_slab":1,"stat.killEntity.Skeleton":3,"stat.drop.dynamictrees.oakseed":4,"stat.craftItem.minecraft.bucket":1,"stat.craftItem.minecraft.planks":88,"stat.killEntity.Chicken":6,"stat.pickup.minecraft.diamond_helmet":1,"stat.pickup.iceandfire.dragonscales_green":96,"stat.killEntity.Spider":3,"stat.mobKills":42,"stat.craftItem.minecraft.cooked_chicken":6,"stat.pickup.minecraft.diamond":20,"stat.pickup.minecraft.torch":1,"stat.pickup.minecraft.red_flower":2,"stat.sneakTime":6263,"stat.craftItem.iceandfire.armor_green_boots":1,"stat.drop.minecraft.bucket":1,"stat.killEntity.firedragon":1,"stat.mineBlock.minecraft.hay_block":41,"stat.drop.minecraft.yellow_flower":1,"stat.pickup.minecraft.yellow_flower":4,"stat.mineBlock.minecraft.stone":318}