{"stat.pickup.iceandfire.fire_dragon_flesh":7,"stat.useItem.minecraft.iron_axe":40,"stat.leaveGame":8,"stat.mineBlock.minecraft.cobblestone":1,"stat.craftItem.minecraft.iron_axe":1,"stat.swimOneCm":27329,"stat.useItem.minecraft.planks":4,"stat.useItem.minecraft.dirt":1,"stat.useItem.minecraft.stone_slab2":22,"stat.craftItem.minecraft.furnace":2,"stat.useItem.minecraft.egg":3,"stat.craftItem.minecraft.stone_axe":1,"stat.craftItem.spartanshields.shield_basic_iron":1,"stat.craftItem.minecraft.iron_boots":1,"stat.craftItem.minecraft.stone_pickaxe":1,"stat.pickup.minecraft.cobblestone":271,"stat.pickup.minecraft.diamond_leggings":2,"stat.flyOneCm":433433,"stat.entityKilledBy.firedragon":5,"stat.pickup.iceandfire.ash":1,"stat.mineBlock.minecraft.iron_ore":44,"stat.timeSinceDeath":3617,"stat.craftItem.spartanshields.shield_basic_wood":1,"stat.useItem.minecraft.iron_pickaxe":250,"stat.craftItem.minecraft.wooden_pickaxe":1,"stat.pickup.minecraft.mutton":10,"stat.craftItem.minecraft.bed":2,"stat.furnaceInteraction":34,"stat.mineBlock.minecraft.coal_ore":54,"stat.useItem.minecraft.cooked_mutton":8,"stat.pickup.minecraft.furnace":7,"stat.craftItem.minecraft.stone_slab2":0,"stat.sprintOneCm":282437,"stat.pickup.minecraft.iron_chestplate":1,"stat.killEntity.ebwizardry:evil_wizard":1,"stat.mineBlock.minecraft.diamond_ore":18,"stat.mineBlock.minecraft.crafting_table":5,"stat.useItem.minecraft.diamond_pickaxe":109,"stat.pickup.minecraft.diamond_chestplate":1,"stat.pickup.dynamictrees.oakseed":4,"stat.deaths":10,"stat.mineBlock.minecraft.planks":4,"stat.drop":7,"stat.pickup.dynamictrees.oakbranch":1,"stat.pickup.minecraft.egg":3,"stat.playOneMinute":99392,"stat.killEntity.Sheep":21,"stat.craftItem.minecraft.iron_pickaxe":1,"stat.craftItem.minecraft.diamond_pickaxe":1,"stat.drop.ebwizardry.crystal_flower":2,"stat.killEntity.Zombie":3,"stat.pickup.iceandfire.armor_gray_leggings":1,"stat.pickup.iceandfire.chared_dirt":2,"stat.craftItem.minecraft.cooked_mutton":18,"stat.mineBlock.minecraft.tallgrass":8,"stat.diveOneCm":27632,"stat.pickup.minecraft.cooked_mutton":5,"stat.useItem.minecraft.stone":13,"stat.drop.minecraft.wooden_pickaxe":1,"stat.jump":2140,"stat.pickup.minecraft.coal":113,"stat.pickup.minecraft.iron_helmet":2,"stat.fallOneCm":56035,"stat.pickup.minecraft.iron_ingot":3,"stat.drop.minecraft.stone":6,"stat.useItem.minecraft.stone_axe":47,"stat.crouchOneCm":12085,"stat.pickup.iceandfire.chared_stone":6,"stat.craftItem.minecraft.torch":32,"stat.craftItem.minecraft.iron_ingot":37,"stat.pickup.minecraft.dirt":26,"stat.craftItem.minecraft.iron_helmet":1,"stat.useItem.minecraft.cooked_chicken":6,"stat.craftingTableInteraction":14,"stat.pickup.minecraft.iron_ore":44,"stat.entityKilledBy.ebwizardry:evil_wizard":1,"stat.pickup.iceandfire.silver_ore":2,"stat.damageTaken":2981,"stat.mineBlock.minecraft.furnace":7,"stat.mineBlock.minecraft.torch":1,"stat.useItem.minecraft.wooden_pickaxe":6,"stat.useItem.minecraft.furnace":2,"stat.pickup.ebwizardry.crystal_flower":2,"stat.pickup.minecraft.planks":4,"stat.pickup.minecraft.iron_leggings":1,"stat.pickup.minecraft.bed":3,"tombstone:undead_killed":5,"stat.pickup.minecraft.wheat_seeds":2,"stat.useItem.minecraft.stone_pickaxe":94,"stat.craftItem.minecraft.iron_leggings":1,"stat.damageDealt":4133,"stat.pickup.iceandfire.chared_grass":3,"stat.sleepInBed":4,"stat.mineBlock.minecraft.dirt":25,"stat.walkOneCm":146493,"stat.useItem.minecraft.torch":28,"stat.pickup.minecraft.stick":21,"stat.drop.tombstone.crafting_ingredient":1,"stat.mineBlock.iceandfire.silver_ore":2,"stat.pickup.minecraft.crafting_table":5,"stat.useItem.minecraft.cobblestone":55,"stat.craftItem.minecraft.crafting_table":1,"stat.pickup.minecraft.log":22,"stat.craftItem.minecraft.diamond_boots":1,"stat.useItem.tombstone.gift":1,"stat.pickup.minecraft.stone":57,"stat.craftItem.minecraft.iron_chestplate":1,"stat.killEntity.Skeleton":2,"stat.drop.dynamictrees.oakseed":4,"stat.craftItem.minecraft.planks":88,"stat.killEntity.Chicken":6,"stat.pickup.minecraft.diamond_helmet":1,"stat.pickup.iceandfire.dragonscales_green":96,"stat.killEntity.Spider":2,"stat.mobKills":35,"stat.craftItem.minecraft.cooked_chicken":6,"stat.pickup.minecraft.diamond":20,"stat.pickup.minecraft.torch":1,"stat.pickup.minecraft.red_flower":2,"stat.sneakTime":4723,"stat.drop.minecraft.yellow_flower":1,"stat.pickup.minecraft.yellow_flower":2,"stat.mineBlock.minecraft.stone":318}