{"stat.pickup.iceandfire.fire_dragon_flesh":10,"stat.useItem.minecraft.iron_axe":50,"stat.leaveGame":11,"stat.mineBlock.minecraft.cobblestone":1,"stat.craftItem.minecraft.iron_axe":1,"stat.useItem.minecraft.diamond_sword":27,"stat.swimOneCm":36634,"stat.useItem.minecraft.planks":4,"stat.craftItem.iceandfire.armor_green_chestplate":1,"stat.useItem.minecraft.dirt":3,"stat.useItem.minecraft.stone_slab2":27,"stat.craftItem.minecraft.furnace":2,"stat.useItem.minecraft.egg":3,"stat.craftItem.minecraft.stone_axe":1,"stat.craftItem.spartanshields.shield_basic_iron":1,"stat.craftItem.minecraft.iron_boots":1,"stat.craftItem.minecraft.stone_pickaxe":1,"stat.pickup.minecraft.cobblestone":271,"stat.pickup.minecraft.diamond_leggings":2,"stat.flyOneCm":764969,"stat.pickup.minecraft.sandstone":1,"stat.entityKilledBy.firedragon":7,"stat.pickup.iceandfire.ash":2,"stat.mineBlock.minecraft.iron_ore":44,"stat.timeSinceDeath":5219,"stat.craftItem.spartanshields.shield_basic_wood":1,"stat.useItem.minecraft.iron_pickaxe":250,"stat.craftItem.minecraft.wooden_pickaxe":1,"stat.pickup.minecraft.mutton":10,"stat.craftItem.minecraft.bed":2,"stat.furnaceInteraction":40,"stat.mineBlock.minecraft.coal_ore":54,"stat.pickup.minecraft.string":1,"stat.useItem.minecraft.cooked_mutton":16,"stat.pickup.minecraft.furnace":9,"stat.craftItem.minecraft.stone_slab2":0,"stat.sprintOneCm":413665,"stat.pickup.minecraft.iron_chestplate":1,"stat.craftItem.minecraft.stick":4,"stat.killEntity.ebwizardry:evil_wizard":1,"stat.mineBlock.minecraft.diamond_ore":18,"stat.mineBlock.minecraft.crafting_table":8,"stat.useItem.minecraft.diamond_pickaxe":111,"stat.pickup.minecraft.diamond_chestplate":1,"stat.pickup.dynamictrees.oakseed":4,"stat.deaths":15,"stat.mineBlock.minecraft.planks":4,"stat.drop":9,"stat.pickup.dynamictrees.oakbranch":1,"stat.pickup.minecraft.egg":3,"stat.playOneMinute":130819,"stat.killEntity.Sheep":21,"stat.craftItem.minecraft.iron_pickaxe":1,"stat.craftItem.minecraft.diamond_pickaxe":1,"stat.drop.ebwizardry.crystal_flower":2,"stat.killEntity.Zombie":3,"stat.pickup.iceandfire.armor_gray_leggings":1,"stat.pickup.iceandfire.chared_dirt":2,"stat.craftItem.minecraft.cooked_mutton":28,"stat.mineBlock.minecraft.tallgrass":10,"stat.diveOneCm":34728,"stat.pickup.minecraft.cooked_mutton":5,"stat.chestOpened":4,"stat.useItem.minecraft.stone":13,"stat.drop.minecraft.wooden_pickaxe":1,"stat.craftItem.iceandfire.armor_green_helmet":1,"stat.craftItem.minecraft.diamond_sword":1,"stat.jump":3226,"stat.pickup.minecraft.coal":138,"stat.pickup.minecraft.iron_helmet":2,"stat.fallOneCm":96855,"stat.pickup.minecraft.iron_ingot":3,"stat.drop.minecraft.stone":6,"stat.useItem.minecraft.stone_axe":47,"stat.crouchOneCm":13691,"stat.pickup.iceandfire.chared_stone":6,"stat.craftItem.minecraft.torch":32,"stat.craftItem.minecraft.iron_ingot":37,"stat.pickup.minecraft.dirt":29,"stat.craftItem.minecraft.iron_helmet":1,"stat.useItem.minecraft.cooked_chicken":6,"stat.craftingTableInteraction":17,"stat.pickup.minecraft.iron_ore":44,"stat.pickup.iceandfire.fire_dragon_heart":1,"stat.entityKilledBy.ebwizardry:evil_wizard":1,"stat.pickup.iceandfire.silver_ore":2,"stat.pickup.minecraft.iron_axe":1,"stat.damageTaken":4574,"stat.craftItem.iceandfire.armor_green_leggings":1,"stat.mineBlock.minecraft.furnace":9,"stat.mineBlock.minecraft.torch":1,"stat.useItem.minecraft.wooden_pickaxe":6,"stat.useItem.minecraft.furnace":3,"stat.pickup.iceandfire.dragonscales_red":6,"stat.pickup.ebwizardry.crystal_flower":2,"stat.pickup.minecraft.planks":4,"stat.pickup.minecraft.iron_leggings":1,"stat.pickup.minecraft.bed":3,"tombstone:undead_killed":5,"stat.pickup.minecraft.wheat_seeds":4,"stat.useItem.minecraft.stone_pickaxe":94,"stat.craftItem.minecraft.iron_leggings":1,"stat.damageDealt":5603,"stat.pickup.iceandfire.chared_grass":3,"stat.sleepInBed":4,"stat.mineBlock.minecraft.dirt":29,"stat.drop.minecraft.iron_axe":1,"stat.walkOneCm":181638,"stat.useItem.minecraft.torch":28,"stat.pickup.minecraft.stick":21,"stat.drop.tombstone.crafting_ingredient":1,"stat.mineBlock.iceandfire.silver_ore":2,"stat.pickup.minecraft.crafting_table":8,"stat.useItem.minecraft.cobblestone":63,"stat.craftItem.minecraft.crafting_table":2,"stat.pickup.minecraft.log":22,"stat.craftItem.minecraft.diamond_boots":1,"stat.useItem.tombstone.gift":1,"stat.pickup.minecraft.stone":57,"stat.craftItem.minecraft.iron_chestplate":1,"stat.killEntity.Skeleton":2,"stat.drop.dynamictrees.oakseed":4,"stat.craftItem.minecraft.bucket":1,"stat.craftItem.minecraft.planks":88,"stat.killEntity.Chicken":6,"stat.pickup.minecraft.diamond_helmet":1,"stat.pickup.iceandfire.dragonscales_green":96,"stat.killEntity.Spider":3,"stat.mobKills":37,"stat.craftItem.minecraft.cooked_chicken":6,"stat.pickup.minecraft.diamond":20,"stat.pickup.minecraft.torch":1,"stat.pickup.minecraft.red_flower":2,"stat.sneakTime":5295,"stat.craftItem.iceandfire.armor_green_boots":1,"stat.drop.minecraft.bucket":1,"stat.killEntity.firedragon":1,"stat.drop.minecraft.yellow_flower":1,"stat.pickup.minecraft.yellow_flower":3,"stat.mineBlock.minecraft.stone":318}