{"stat.useItem.minecraft.iron_axe":18,"stat.leaveGame":6,"stat.mineBlock.minecraft.cobblestone":1,"stat.craftItem.minecraft.iron_axe":1,"stat.swimOneCm":10999,"stat.useItem.minecraft.planks":4,"stat.useItem.minecraft.stone_slab2":15,"stat.craftItem.minecraft.furnace":2,"stat.useItem.minecraft.egg":2,"stat.craftItem.minecraft.stone_axe":1,"stat.craftItem.spartanshields.shield_basic_iron":1,"stat.craftItem.minecraft.iron_boots":1,"stat.craftItem.minecraft.stone_pickaxe":1,"stat.pickup.minecraft.cobblestone":270,"stat.flyOneCm":228214,"stat.mineBlock.minecraft.iron_ore":44,"stat.timeSinceDeath":56069,"stat.craftItem.spartanshields.shield_basic_wood":1,"stat.useItem.minecraft.iron_pickaxe":250,"stat.craftItem.minecraft.wooden_pickaxe":1,"stat.craftItem.minecraft.bed":1,"stat.furnaceInteraction":27,"stat.mineBlock.minecraft.coal_ore":54,"stat.useItem.minecraft.cooked_mutton":5,"stat.pickup.minecraft.furnace":5,"stat.craftItem.minecraft.stone_slab2":0,"stat.sprintOneCm":159291,"stat.killEntity.ebwizardry:evil_wizard":1,"stat.mineBlock.minecraft.diamond_ore":18,"stat.mineBlock.minecraft.crafting_table":5,"stat.useItem.minecraft.diamond_pickaxe":106,"stat.pickup.dynamictrees.oakseed":4,"stat.deaths":2,"stat.mineBlock.minecraft.planks":4,"stat.drop":4,"stat.pickup.dynamictrees.oakbranch":1,"stat.pickup.minecraft.egg":3,"stat.playOneMinute":68542,"stat.killEntity.Sheep":20,"stat.craftItem.minecraft.iron_pickaxe":1,"stat.craftItem.minecraft.diamond_pickaxe":1,"stat.killEntity.Zombie":3,"stat.craftItem.minecraft.cooked_mutton":8,"stat.mineBlock.minecraft.tallgrass":8,"stat.diveOneCm":9758,"stat.pickup.minecraft.cooked_mutton":5,"stat.useItem.minecraft.stone":13,"stat.drop.minecraft.wooden_pickaxe":1,"stat.jump":1145,"stat.pickup.minecraft.coal":87,"stat.fallOneCm":20627,"stat.pickup.minecraft.iron_ingot":3,"stat.drop.minecraft.stone":6,"stat.useItem.minecraft.stone_axe":47,"stat.crouchOneCm":9557,"stat.craftItem.minecraft.torch":32,"stat.craftItem.minecraft.iron_ingot":37,"stat.pickup.minecraft.dirt":23,"stat.craftItem.minecraft.iron_helmet":1,"stat.useItem.minecraft.cooked_chicken":4,"stat.craftingTableInteraction":12,"stat.pickup.minecraft.iron_ore":44,"stat.entityKilledBy.ebwizardry:evil_wizard":1,"stat.pickup.iceandfire.silver_ore":2,"stat.damageTaken":840,"stat.mineBlock.minecraft.furnace":5,"stat.useItem.minecraft.wooden_pickaxe":6,"stat.useItem.minecraft.furnace":1,"stat.pickup.minecraft.planks":4,"stat.pickup.minecraft.bed":2,"tombstone:undead_killed":5,"stat.pickup.minecraft.wheat_seeds":2,"stat.useItem.minecraft.stone_pickaxe":94,"stat.craftItem.minecraft.iron_leggings":1,"stat.damageDealt":3118,"stat.sleepInBed":2,"stat.mineBlock.minecraft.dirt":23,"stat.walkOneCm":104224,"stat.useItem.minecraft.torch":27,"stat.pickup.minecraft.stick":21,"stat.mineBlock.iceandfire.silver_ore":2,"stat.pickup.minecraft.crafting_table":5,"stat.useItem.minecraft.cobblestone":51,"stat.craftItem.minecraft.crafting_table":1,"stat.pickup.minecraft.log":22,"stat.useItem.tombstone.gift":1,"stat.pickup.minecraft.stone":57,"stat.craftItem.minecraft.iron_chestplate":1,"stat.killEntity.Skeleton":2,"stat.drop.dynamictrees.oakseed":4,"stat.craftItem.minecraft.planks":68,"stat.killEntity.Chicken":6,"stat.pickup.minecraft.diamond_helmet":1,"stat.killEntity.Spider":1,"stat.mobKills":33,"stat.craftItem.minecraft.cooked_chicken":6,"stat.pickup.minecraft.diamond":16,"stat.sneakTime":3834,"stat.mineBlock.minecraft.stone":317}