{"stat.leaveGame":5,"stat.jump":274,"stat.swimOneCm":3263,"stat.pickup.minecraft.coal":27,"stat.fallOneCm":5378,"stat.useItem.minecraft.stone_axe":23,"stat.crouchOneCm":581,"stat.craftItem.minecraft.torch":32,"stat.pickup.minecraft.dirt":2,"stat.useItem.minecraft.stone_slab2":2,"stat.craftingTableInteraction":2,"stat.entityKilledBy.ebwizardry:evil_wizard":1,"stat.useItem.minecraft.egg":1,"stat.craftItem.minecraft.stone_axe":1,"stat.damageTaken":650,"stat.craftItem.minecraft.stone_pickaxe":1,"stat.useItem.minecraft.wooden_pickaxe":6,"stat.pickup.minecraft.cobblestone":8,"stat.flyOneCm":46809,"tombstone:undead_killed":1,"stat.useItem.minecraft.stone_pickaxe":35,"stat.damageDealt":1258,"stat.timeSinceDeath":4169,"stat.mineBlock.minecraft.dirt":2,"stat.craftItem.minecraft.wooden_pickaxe":1,"stat.walkOneCm":22073,"stat.useItem.minecraft.torch":1,"stat.pickup.minecraft.stick":21,"stat.pickup.minecraft.crafting_table":1,"stat.craftItem.minecraft.crafting_table":1,"stat.mineBlock.minecraft.coal_ore":27,"stat.pickup.minecraft.log":22,"stat.useItem.tombstone.gift":1,"stat.sprintOneCm":44186,"stat.killEntity.ebwizardry:evil_wizard":1,"stat.killEntity.Skeleton":1,"stat.drop.dynamictrees.oakseed":4,"stat.craftItem.minecraft.planks":68,"stat.killEntity.Chicken":3,"stat.mineBlock.minecraft.crafting_table":1,"stat.killEntity.Spider":1,"stat.mobKills":10,"stat.pickup.dynamictrees.oakseed":4,"stat.deaths":2,"stat.drop":2,"stat.pickup.dynamictrees.oakbranch":1,"stat.pickup.minecraft.egg":1,"stat.playOneMinute":16642,"stat.killEntity.Sheep":4,"stat.sneakTime":399,"stat.mineBlock.minecraft.stone":14,"stat.diveOneCm":5524}