{"stat.walkOneCm":9482,"stat.entityKilledBy.ebwizardry:evil_wizard":1,"stat.drop.dynamictrees.oakseed":4,"stat.pickup.minecraft.stick":21,"stat.craftItem.minecraft.planks":68,"stat.leaveGame":4,"stat.craftItem.minecraft.stone_axe":1,"stat.pickup.minecraft.crafting_table":1,"stat.mineBlock.minecraft.crafting_table":1,"stat.damageTaken":230,"stat.craftItem.minecraft.crafting_table":1,"stat.craftItem.minecraft.stone_pickaxe":1,"stat.useItem.minecraft.wooden_pickaxe":6,"stat.pickup.minecraft.cobblestone":6,"stat.mineBlock.minecraft.coal_ore":17,"stat.mobKills":3,"stat.pickup.dynamictrees.oakseed":4,"stat.pickup.minecraft.log":22,"stat.flyOneCm":13764,"stat.deaths":1,"stat.drop":2,"stat.pickup.dynamictrees.oakbranch":1,"stat.jump":97,"stat.swimOneCm":1868,"stat.playOneMinute":8535,"stat.pickup.minecraft.coal":17,"stat.fallOneCm":1314,"stat.useItem.minecraft.stone_pickaxe":17,"stat.killEntity.Sheep":3,"stat.sneakTime":207,"stat.useItem.minecraft.stone_axe":9,"stat.damageDealt":554,"stat.crouchOneCm":327,"stat.timeSinceDeath":442,"stat.sprintOneCm":16185,"stat.useItem.minecraft.stone_slab2":2,"stat.craftItem.minecraft.wooden_pickaxe":1,"stat.mineBlock.minecraft.stone":6,"stat.diveOneCm":846,"stat.craftingTableInteraction":2}