{"stat.useItem.minecraft.stone":2,"stat.leaveGame":5,"stat.jump":441,"stat.swimOneCm":3648,"stat.pickup.minecraft.coal":38,"stat.fallOneCm":8900,"stat.drop.minecraft.stone":6,"stat.useItem.minecraft.stone_axe":30,"stat.crouchOneCm":3287,"stat.craftItem.minecraft.torch":32,"stat.pickup.minecraft.dirt":2,"stat.useItem.minecraft.stone_slab2":4,"stat.useItem.minecraft.cooked_chicken":1,"stat.craftingTableInteraction":3,"stat.craftItem.minecraft.furnace":1,"stat.entityKilledBy.ebwizardry:evil_wizard":1,"stat.useItem.minecraft.egg":1,"stat.craftItem.minecraft.stone_axe":1,"stat.damageTaken":650,"stat.craftItem.minecraft.stone_pickaxe":1,"stat.mineBlock.minecraft.furnace":1,"stat.useItem.minecraft.wooden_pickaxe":6,"stat.pickup.minecraft.cobblestone":23,"stat.flyOneCm":79249,"tombstone:undead_killed":2,"stat.useItem.minecraft.stone_pickaxe":64,"stat.damageDealt":1408,"stat.timeSinceDeath":16769,"stat.mineBlock.minecraft.dirt":2,"stat.craftItem.minecraft.wooden_pickaxe":1,"stat.walkOneCm":38069,"stat.useItem.minecraft.torch":2,"stat.pickup.minecraft.stick":21,"stat.pickup.minecraft.crafting_table":2,"stat.craftItem.minecraft.crafting_table":1,"stat.furnaceInteraction":4,"stat.mineBlock.minecraft.coal_ore":38,"stat.pickup.minecraft.log":22,"stat.useItem.tombstone.gift":1,"stat.useItem.minecraft.cooked_mutton":2,"stat.pickup.minecraft.furnace":1,"stat.craftItem.minecraft.stone_slab2":0,"stat.pickup.minecraft.stone":8,"stat.sprintOneCm":69418,"stat.killEntity.ebwizardry:evil_wizard":1,"stat.killEntity.Skeleton":1,"stat.drop.dynamictrees.oakseed":4,"stat.craftItem.minecraft.planks":68,"stat.killEntity.Chicken":6,"stat.mineBlock.minecraft.crafting_table":2,"stat.killEntity.Spider":1,"stat.mobKills":14,"stat.pickup.dynamictrees.oakseed":4,"stat.craftItem.minecraft.cooked_chicken":3,"stat.deaths":2,"stat.drop":3,"stat.pickup.dynamictrees.oakbranch":1,"stat.pickup.minecraft.egg":2,"stat.playOneMinute":29242,"stat.killEntity.Sheep":4,"stat.sneakTime":1547,"stat.killEntity.Zombie":1,"stat.mineBlock.minecraft.stone":31,"stat.craftItem.minecraft.cooked_mutton":4,"stat.mineBlock.minecraft.tallgrass":2,"stat.diveOneCm":6328}