{"stats":{"minecraft:picked_up":{"minecraft:crafting_table":3,"minecraft:clay_ball":8,"minecraft:brown_mushroom":2,"minecraft:wooden_pickaxe":1,"minecraft:oak_log":5,"minecraft:chainmail_chestplate":1,"minecraft:music_disc_cat":2,"minecraft:dirt":13,"minecraft:string":5,"minecraft:smooth_sandstone":1,"minecraft:bone":9,"minecraft:bow":1,"minecraft:wheat_seeds":2,"minecraft:gold_nugget":5,"minecraft:stone_pickaxe":1,"minecraft:chest":2,"minecraft:oak_planks":13,"minecraft:iron_boots":1,"minecraft:book":6,"minecraft:golden_helmet":1,"minecraft:stick":12,"minecraft:jukebox":2,"minecraft:torch":15,"minecraft:bowl":1,"minecraft:spider_eye":2,"minecraft:yellow_carpet":2,"minecraft:arrow":9,"minecraft:rotten_flesh":3,"minecraft:stone_axe":1,"minecraft:saddle":1,"minecraft:gold_ingot":5,"minecraft:leather_horse_armor":1,"minecraft:iron_bars":2,"minecraft:coal":1,"minecraft:cobblestone":81},"minecraft:dropped":{"minecraft:wheat_seeds":2,"minecraft:bowl":1,"minecraft:glass_bottle":2,"minecraft:wooden_sword":1,"minecraft:string":1},"minecraft:custom":{"minecraft:mob_kills":13,"minecraft:play_record":1,"minecraft:interact_with_crafting_table":4,"minecraft:play_one_minute":54740,"minecraft:damage_dealt_resisted":29,"minecraft:leave_game":2,"minecraft:time_since_death":769,"minecraft:climb_one_cm":308,"minecraft:time_since_rest":799,"minecraft:sprint_one_cm":164215,"minecraft:damage_absorbed":80,"minecraft:damage_taken":1488,"minecraft:walk_one_cm":62014,"minecraft:damage_blocked_by_shield":670,"minecraft:drop":7,"minecraft:damage_dealt":2656,"minecraft:swim_one_cm":2396,"minecraft:fly_one_cm":200514,"minecraft:open_chest":22,"minecraft:crouch_one_cm":2287,"minecraft:deaths":4,"minecraft:sneak_time":925,"minecraft:walk_under_water_one_cm":207,"minecraft:jump":589,"minecraft:walk_on_water_one_cm":251,"minecraft:fall_one_cm":29395},"minecraft:used":{"minecraft:iron_bars":2,"minecraft:stone_pickaxe":9,"minecraft:baked_potato":3,"minecraft:shield":16,"minecraft:wooden_pickaxe":59,"minecraft:golden_apple":2,"minecraft:torch":11,"minecraft:dirt":1,"minecraft:music_disc_cat":1,"minecraft:crafting_table":1,"minecraft:apple":4,"minecraft:stone_axe":61,"minecraft:wooden_sword":7,"minecraft:cobblestone":27,"minecraft:potion":2,"minecraft:jukebox":1},"minecraft:killed":{"minecraft:horse":1,"minecraft:skeleton":7,"minecraft:zombie":2,"minecraft:stray":1,"minecraft:silverfish":1},"minecraft:mined":{"minecraft:crafting_table":2,"minecraft:clay":2,"minecraft:smooth_sandstone":1,"minecraft:torch":1,"minecraft:grass_block":2,"minecraft:chest":2,"minecraft:cobblestone":6,"minecraft:tall_grass":5,"minecraft:wall_torch":2,"minecraft:spawner":4,"environmental:giant_tall_grass":1,"minecraft:jukebox":2,"minecraft:grass":3,"minecraft:bookshelf":2,"minecraft:coal_ore":1,"minecraft:oak_log":5,"minecraft:iron_bars":2,"minecraft:dirt":4,"minecraft:cobweb":2,"minecraft:stone":47,"minecraft:oak_leaves":2},"minecraft:killed_by":{"minecraft:skeleton":1},"minecraft:broken":{"minecraft:wooden_pickaxe":1},"minecraft:crafted":{"minecraft:wooden_sword":1,"minecraft:oak_planks":20,"minecraft:crafting_table":1,"minecraft:wooden_pickaxe":1,"minecraft:stone_axe":1,"minecraft:stick":20,"minecraft:stone_pickaxe":1,"minecraft:torch":4}},"DataVersion":2586}