{"stats":{"minecraft:picked_up":{"minecraft:crafting_table":7,"minecraft:chainmail_boots":2,"minecraft:clay_ball":8,"minecraft:brown_mushroom":2,"minecraft:lead":2,"minecraft:wooden_pickaxe":3,"minecraft:potion":1,"minecraft:enchanted_book":3,"minecraft:oak_log":5,"minecraft:chainmail_chestplate":3,"minecraft:shield":2,"minecraft:lapis_lazuli":6,"minecraft:music_disc_cat":4,"minecraft:dirt":16,"minecraft:string":6,"alexsmobs:ancient_dart":1,"minecraft:smooth_sandstone":1,"minecraft:bone":17,"minecraft:bow":3,"minecraft:wheat_seeds":2,"minecraft:gold_nugget":67,"minecraft:iron_ingot":36,"minecraft:stone_pickaxe":3,"minecraft:iron_nugget":10,"minecraft:iron_pickaxe":2,"minecraft:glass_bottle":2,"minecraft:chest":2,"minecraft:iron_sword":2,"minecraft:oak_planks":13,"minecraft:tipped_arrow":1,"minecraft:iron_boots":3,"minecraft:book":40,"minecraft:golden_helmet":5,"minecraft:stick":36,"minecraft:music_disc_13":2,"minecraft:jukebox":4,"minecraft:torch":41,"minecraft:bowl":1,"minecraft:spruce_fence":1,"minecraft:spider_eye":4,"supplementaries:sign_post_oak":2,"betteranimalsplus:eel_meat_raw":12,"minecraft:tnt":4,"minecraft:yellow_carpet":2,"minecraft:arrow":21,"minecraft:rotten_flesh":3,"minecraft:polished_diorite":2,"minecraft:stone_axe":2,"minecraft:chainmail_leggings":2,"minecraft:saddle":3,"minecraft:gold_ingot":34,"minecraft:baked_potato":1,"minecraft:leather_horse_armor":5,"minecraft:iron_bars":4,"minecraft:coal":1,"minecraft:cobblestone":128,"minecraft:ender_pearl":6},"minecraft:dropped":{"minecraft:wheat_seeds":2,"minecraft:iron_nugget":5,"minecraft:bowl":1,"minecraft:glass_bottle":5,"minecraft:dirt":1,"minecraft:wooden_sword":1,"minecraft:string":1},"minecraft:custom":{"minecraft:mob_kills":18,"minecraft:play_record":1,"minecraft:interact_with_crafting_table":4,"minecraft:open_barrel":2,"minecraft:play_one_minute":66740,"minecraft:damage_dealt_resisted":29,"minecraft:leave_game":2,"minecraft:time_since_death":3234,"minecraft:climb_one_cm":308,"minecraft:time_since_rest":3290,"minecraft:sprint_one_cm":238647,"minecraft:damage_absorbed":80,"minecraft:damage_taken":1863,"minecraft:walk_one_cm":82229,"minecraft:damage_blocked_by_shield":1150,"minecraft:drop":12,"minecraft:damage_dealt":3293,"minecraft:swim_one_cm":15697,"minecraft:fly_one_cm":271213,"minecraft:open_chest":30,"minecraft:crouch_one_cm":2361,"minecraft:deaths":5,"minecraft:sneak_time":971,"minecraft:walk_under_water_one_cm":4065,"minecraft:jump":786,"minecraft:walk_on_water_one_cm":3387,"minecraft:fall_one_cm":35620},"minecraft:used":{"minecraft:iron_bars":4,"supplementaries:sign_post_oak":2,"minecraft:stone_pickaxe":23,"minecraft:baked_potato":4,"minecraft:ender_pearl":1,"minecraft:shield":28,"minecraft:wooden_pickaxe":59,"minecraft:iron_sword":4,"minecraft:rotten_flesh":1,"minecraft:golden_apple":2,"minecraft:torch":21,"minecraft:dirt":1,"minecraft:music_disc_cat":1,"minecraft:crafting_table":1,"minecraft:spruce_fence":1,"minecraft:polished_diorite":1,"minecraft:apple":4,"minecraft:string":1,"minecraft:stone_axe":72,"minecraft:wooden_sword":7,"minecraft:cobblestone":44,"minecraft:potion":3,"minecraft:potato":3,"minecraft:jukebox":1},"minecraft:mined":{"minecraft:crafting_table":2,"minecraft:clay":2,"minecraft:smooth_sandstone":1,"minecraft:torch":3,"minecraft:grass_block":2,"minecraft:chest":2,"minecraft:cobblestone":6,"minecraft:tall_grass":5,"minecraft:polished_diorite":1,"minecraft:wall_torch":2,"minecraft:spawner":5,"environmental:giant_tall_grass":1,"minecraft:tall_seagrass":1,"supplementaries:sign_post":1,"minecraft:jukebox":2,"minecraft:grass":3,"minecraft:bookshelf":4,"minecraft:coal_ore":1,"minecraft:oak_log":5,"minecraft:iron_bars":4,"minecraft:dirt":5,"minecraft:cobweb":2,"minecraft:stone":56,"minecraft:oak_leaves":2,"quark:root":1},"minecraft:killed":{"betteranimalsplus:lamprey":1,"minecraft:spider":1,"betteranimalsplus:eel_freshwater":1,"minecraft:horse":1,"minecraft:skeleton":7,"minecraft:zombie":2,"minecraft:stray":3,"minecraft:silverfish":1},"minecraft:killed_by":{"minecraft:skeleton":1,"betteranimalsplus:lamprey":1},"minecraft:broken":{"minecraft:stone_axe":1,"minecraft:wooden_pickaxe":1},"minecraft:crafted":{"minecraft:wooden_sword":1,"minecraft:oak_planks":20,"minecraft:crafting_table":1,"minecraft:wooden_pickaxe":1,"minecraft:stone_axe":1,"minecraft:stick":20,"minecraft:stone_pickaxe":1,"minecraft:torch":4}},"DataVersion":2586}