{"stats":{"minecraft:picked_up":{"kimetsunoyaiba:futon":1,"minecraft:crafting_table":7,"minecraft:chainmail_boots":2,"minecraft:clay_ball":8,"minecraft:lead":2,"minecraft:brown_mushroom":2,"kimetsunoyaiba:udon":2,"minecraft:wooden_pickaxe":3,"minecraft:enchanted_book":3,"minecraft:potion":1,"minecraft:shield":2,"minecraft:music_disc_cat":4,"minecraft:string":6,"alexsmobs:ancient_dart":1,"minecraft:gold_nugget":67,"minecraft:iron_nugget":10,"minecraft:iron_pickaxe":2,"minecraft:chest":2,"minecraft:iron_boots":3,"minecraft:golden_helmet":5,"minecraft:tipped_arrow":1,"minecraft:stick":36,"minecraft:jukebox":4,"minecraft:torch":41,"minecraft:bowl":1,"minecraft:spruce_fence":1,"kimetsunoyaiba:chest_of_drawer":1,"minecraft:tnt":4,"supplementaries:sign_post_oak":2,"minecraft:arrow":21,"minecraft:rotten_flesh":3,"minecraft:hay_block":3,"minecraft:saddle":3,"minecraft:gold_ingot":34,"minecraft:leather_horse_armor":5,"minecraft:iron_bars":4,"minecraft:cobblestone":128,"kimetsunoyaiba:bento":1,"minecraft:smoker":2,"minecraft:chainmail_chestplate":3,"minecraft:oak_log":5,"minecraft:lapis_lazuli":6,"minecraft:dirt":16,"minecraft:smooth_sandstone":1,"minecraft:bone":17,"minecraft:bow":3,"minecraft:wheat_seeds":2,"minecraft:stone_pickaxe":3,"minecraft:iron_ingot":36,"minecraft:glass_bottle":2,"minecraft:oak_planks":13,"minecraft:iron_sword":2,"minecraft:book":40,"minecraft:oak_slab":2,"minecraft:music_disc_13":2,"minecraft:stripped_spruce_log":2,"minecraft:spider_eye":4,"betteranimalsplus:eel_meat_raw":12,"minecraft:yellow_carpet":2,"minecraft:stone_axe":2,"minecraft:polished_diorite":2,"minecraft:chainmail_leggings":2,"minecraft:baked_potato":1,"minecraft:coal":11,"minecraft:ender_pearl":7},"minecraft:dropped":{"minecraft:wheat_seeds":2,"minecraft:glass_bottle":5,"minecraft:dirt":1,"minecraft:wooden_sword":1,"minecraft:string":1,"minecraft:iron_nugget":5,"minecraft:bowl":2},"minecraft:custom":{"minecraft:mob_kills":18,"minecraft:interact_with_crafting_table":10,"minecraft:open_barrel":13,"minecraft:damage_dealt_resisted":29,"minecraft:leave_game":2,"minecraft:time_since_death":15234,"minecraft:climb_one_cm":1401,"minecraft:sprint_one_cm":277554,"minecraft:walk_one_cm":96230,"minecraft:damage_blocked_by_shield":1150,"minecraft:drop":13,"minecraft:deaths":5,"minecraft:sneak_time":1144,"minecraft:walk_under_water_one_cm":4065,"minecraft:jump":830,"minecraft:walk_on_water_one_cm":3387,"minecraft:interact_with_furnace":4,"minecraft:play_record":2,"minecraft:play_one_minute":78740,"minecraft:time_since_rest":15290,"minecraft:damage_taken":2065,"minecraft:damage_absorbed":80,"minecraft:damage_dealt":3293,"minecraft:swim_one_cm":15697,"minecraft:fly_one_cm":290845,"minecraft:open_chest":56,"minecraft:crouch_one_cm":2692,"minecraft:interact_with_smoker":1,"minecraft:fall_one_cm":40547},"minecraft:used":{"minecraft:iron_bars":4,"minecraft:shield":28,"minecraft:iron_sword":4,"minecraft:rotten_flesh":1,"minecraft:torch":21,"minecraft:dirt":1,"minecraft:spruce_fence":1,"minecraft:polished_diorite":1,"betteranimalsplus:eel_meat_cooked":2,"minecraft:iron_axe":1,"minecraft:furnace":1,"minecraft:potato":3,"supplementaries:sign_post_oak":2,"minecraft:stone_pickaxe":23,"minecraft:baked_potato":4,"minecraft:ender_pearl":1,"minecraft:wooden_pickaxe":59,"minecraft:golden_apple":2,"minecraft:music_disc_cat":2,"minecraft:oak_slab":2,"minecraft:crafting_table":3,"minecraft:mushroom_stew":1,"kimetsunoyaiba:chest_of_drawer":1,"minecraft:apple":4,"minecraft:bread":4,"minecraft:string":1,"minecraft:iron_pickaxe":4,"minecraft:stone_axe":72,"minecraft:wooden_sword":7,"minecraft:cobblestone":44,"minecraft:potion":3,"minecraft:jukebox":2},"minecraft:killed":{"minecraft:spider":1,"minecraft:horse":1,"minecraft:skeleton":7,"minecraft:silverfish":1,"betteranimalsplus:lamprey":1,"betteranimalsplus:eel_freshwater":1,"minecraft:zombie":2,"minecraft:stray":3},"minecraft:mined":{"kimetsunoyaiba:bento_block":1,"minecraft:grass_block":2,"minecraft:polished_diorite":1,"kimetsunoyaiba:futon_2":1,"minecraft:spawner":5,"environmental:giant_tall_grass":1,"minecraft:hay_block":3,"minecraft:tall_seagrass":1,"supplementaries:sign_post":1,"minecraft:stripped_spruce_log":2,"minecraft:bookshelf":4,"kimetsunoyaiba:chest_of_drawer":1,"minecraft:iron_bars":4,"minecraft:stone":56,"minecraft:oak_slab":2,"minecraft:smoker":2,"minecraft:smooth_sandstone":1,"minecraft:clay":2,"minecraft:crafting_table":2,"minecraft:torch":3,"kimetsunoyaiba:udon_block":2,"minecraft:chest":2,"minecraft:tall_grass":5,"minecraft:cobblestone":6,"minecraft:wall_torch":2,"minecraft:jukebox":2,"minecraft:grass":3,"minecraft:oak_log":5,"minecraft:coal_ore":1,"minecraft:dirt":5,"minecraft:cobweb":2,"minecraft:oak_leaves":2,"quark:root":1},"minecraft:killed_by":{"betteranimalsplus:lamprey":1,"minecraft:skeleton":1},"minecraft:broken":{"minecraft:wooden_pickaxe":1,"minecraft:stone_axe":1},"minecraft:crafted":{"minecraft:wooden_sword":1,"minecraft:oak_planks":20,"minecraft:furnace":1,"minecraft:iron_axe":1,"minecraft:stone_pickaxe":1,"minecraft:wheat":27,"minecraft:crafting_table":1,"minecraft:spruce_planks":8,"minecraft:wooden_pickaxe":1,"minecraft:stone_axe":1,"minecraft:bread":9,"minecraft:air":0,"minecraft:stick":36,"minecraft:gold_ingot":3,"betteranimalsplus:eel_meat_cooked":6,"minecraft:torch":4}},"DataVersion":2586}