{"stats":{"minecraft:broken":{"minecraft:wooden_pickaxe":1},"minecraft:picked_up":{"minecraft:crafting_table":1,"minecraft:clay_ball":8,"minecraft:oak_log":5,"minecraft:dirt":6,"minecraft:string":3,"minecraft:bone":1,"minecraft:arrow":2,"minecraft:yellow_carpet":1,"minecraft:wheat_seeds":2,"minecraft:oak_planks":12,"minecraft:coal":1,"minecraft:cobblestone":56},"minecraft:mined":{"environmental:giant_tall_grass":1,"minecraft:crafting_table":1,"minecraft:clay":2,"minecraft:grass":2,"minecraft:grass_block":2,"minecraft:coal_ore":1,"minecraft:oak_log":5,"minecraft:dirt":4,"minecraft:cobweb":2,"minecraft:tall_grass":5,"minecraft:cobblestone":6,"minecraft:stone":47,"minecraft:oak_leaves":2},"minecraft:crafted":{"minecraft:wooden_sword":1,"minecraft:oak_planks":20,"minecraft:crafting_table":1,"minecraft:stick":20,"minecraft:wooden_pickaxe":1,"minecraft:stone_pickaxe":1,"minecraft:torch":4,"minecraft:stone_axe":1},"minecraft:killed":{"minecraft:skeleton":1,"minecraft:zombie":1},"minecraft:dropped":{"minecraft:wheat_seeds":2,"minecraft:wooden_sword":1,"minecraft:string":1},"minecraft:used":{"minecraft:apple":3,"minecraft:wooden_pickaxe":59,"minecraft:stone_axe":4,"minecraft:wooden_sword":7,"minecraft:dirt":1,"minecraft:cobblestone":20,"minecraft:crafting_table":1},"minecraft:custom":{"minecraft:time_since_rest":28552,"minecraft:sprint_one_cm":75372,"minecraft:damage_taken":714,"minecraft:walk_one_cm":28320,"minecraft:mob_kills":2,"minecraft:drop":4,"minecraft:damage_dealt":402,"minecraft:interact_with_crafting_table":3,"minecraft:fly_one_cm":85230,"minecraft:open_chest":1,"minecraft:crouch_one_cm":1648,"minecraft:play_one_minute":38385,"minecraft:deaths":2,"minecraft:sneak_time":639,"minecraft:jump":318,"minecraft:leave_game":1,"minecraft:time_since_death":28515,"minecraft:climb_one_cm":308,"minecraft:fall_one_cm":13164}},"DataVersion":2586}