{"stats":{"minecraft:picked_up":{"kimetsunoyaiba:futon":3,"minecraft:crafting_table":7,"minecraft:chainmail_boots":2,"kimetsunoyaiba:nichirinsword_flame":4,"minecraft:clay_ball":8,"kimetsunoyaiba:fusuma_window":2,"kimetsunoyaiba:udon":2,"minecraft:brown_mushroom":2,"minecraft:lead":6,"kimetsunoyaiba:scarlet_ironsand":8,"minecraft:wooden_pickaxe":3,"kimetsunoyaiba:tile_stair":1,"minecraft:potion":1,"minecraft:enchanted_book":7,"kimetsunoyaiba:kimetsu_window":4,"minecraft:shield":6,"minecraft:cornflower":3,"minecraft:music_disc_cat":4,"minecraft:string":6,"minecraft:iron_axe":4,"alexsmobs:ancient_dart":1,"minecraft:gold_nugget":67,"minecraft:iron_nugget":10,"minecraft:iron_pickaxe":6,"minecraft:chest":2,"minecraft:iron_boots":7,"minecraft:golden_helmet":8,"minecraft:tipped_arrow":1,"minecraft:stick":130,"minecraft:jukebox":4,"minecraft:torch":41,"minecraft:bowl":2,"minecraft:spruce_fence":2,"kimetsunoyaiba:chest_of_drawer":1,"minecraft:cookie":8,"minecraft:carrot":102,"kimetsunoyaiba:bamboo_fence":2,"minecraft:tnt":4,"supplementaries:sign_post_oak":2,"minecraft:arrow":25,"minecraft:rotten_flesh":3,"minecraft:hay_block":5,"minecraft:saddle":3,"minecraft:gold_ingot":282,"minecraft:leather_horse_armor":5,"minecraft:mutton":2,"minecraft:iron_bars":4,"minecraft:cobblestone":156,"kimetsunoyaiba:bento":1,"minecraft:feather":4,"minecraft:leather":2,"minecraft:smoker":6,"minecraft:potato":272,"minecraft:flint":8,"minecraft:oak_log":5,"minecraft:chainmail_chestplate":3,"minecraft:lapis_lazuli":6,"kimetsunoyaiba:uniform_chestplate":4,"minecraft:dirt":16,"minecraft:lantern":6,"betteranimalsplus:pheasant_egg":1,"minecraft:smooth_sandstone":1,"minecraft:bone":20,"minecraft:apple":8,"minecraft:bow":3,"minecraft:wheat_seeds":14,"kimetsunoyaiba:scarlet_ore":8,"minecraft:stone_pickaxe":3,"minecraft:iron_ingot":82,"minecraft:rabbit":18,"minecraft:glass_bottle":3,"minecraft:iron_sword":2,"minecraft:oak_planks":14,"minecraft:book":200,"minecraft:oak_slab":2,"minecraft:dark_oak_slab":1,"minecraft:music_disc_13":2,"minecraft:stripped_spruce_log":4,"kimetsunoyaiba:uniform_leggings":4,"minecraft:cyan_bed":1,"minecraft:spider_eye":4,"betteranimalsplus:eel_meat_raw":12,"minecraft:yellow_carpet":2,"minecraft:polished_diorite":2,"kimetsunoyaiba:shamisen":1,"minecraft:stone_axe":4,"minecraft:chainmail_leggings":2,"betteranimalsplus:eel_meat_cooked":13,"minecraft:bread":29,"minecraft:baked_potato":1,"minecraft:coal":21,"minecraft:ender_pearl":16},"minecraft:dropped":{"minecraft:wheat_seeds":2,"minecraft:glass_bottle":6,"minecraft:book":64,"minecraft:leather":2,"minecraft:saddle":1,"minecraft:dirt":1,"minecraft:leather_horse_armor":1,"minecraft:mutton":2,"minecraft:wooden_sword":1,"minecraft:iron_pickaxe":1,"minecraft:chainmail_leggings":1,"minecraft:string":1,"minecraft:bone":2,"minecraft:iron_nugget":5,"minecraft:bowl":4,"minecraft:wheat":1,"kimetsunoyaiba:uniform_boots":1,"minecraft:chainmail_chestplate":1,"minecraft:spruce_planks":4,"minecraft:chainmail_boots":1,"minecraft:arrow":6,"minecraft:bow":1,"minecraft:wooden_pickaxe":1},"minecraft:custom":{"minecraft:mob_kills":21,"minecraft:interact_with_crafting_table":11,"minecraft:open_barrel":22,"minecraft:damage_dealt_resisted":206,"minecraft:leave_game":3,"minecraft:time_since_death":7854,"minecraft:climb_one_cm":1401,"minecraft:damage_resisted":481,"minecraft:sprint_one_cm":610135,"minecraft:walk_one_cm":262433,"minecraft:damage_blocked_by_shield":1150,"minecraft:drop":35,"minecraft:deaths":9,"minecraft:sneak_time":1206,"minecraft:walk_under_water_one_cm":18147,"minecraft:jump":1847,"minecraft:walk_on_water_one_cm":22388,"minecraft:interact_with_furnace":4,"minecraft:play_record":2,"minecraft:play_one_minute":149454,"minecraft:sleep_in_bed":1,"minecraft:time_since_rest":5531,"minecraft:damage_taken":4394,"minecraft:damage_absorbed":80,"minecraft:damage_dealt":3866,"minecraft:swim_one_cm":24570,"minecraft:fly_one_cm":854643,"minecraft:open_chest":90,"minecraft:crouch_one_cm":3124,"minecraft:interact_with_smoker":1,"minecraft:fall_one_cm":133710},"minecraft:used":{"minecraft:iron_bars":4,"minecraft:shield":28,"minecraft:iron_sword":4,"minecraft:rotten_flesh":1,"minecraft:torch":21,"minecraft:dirt":1,"kimetsunoyaiba:tile_stair":1,"minecraft:spruce_fence":2,"minecraft:polished_diorite":1,"betteranimalsplus:eel_meat_cooked":2,"minecraft:lantern":5,"minecraft:iron_axe":18,"minecraft:dark_oak_slab":1,"kimetsunoyaiba:bamboo_fence":2,"minecraft:furnace":1,"minecraft:potato":44,"kimetsunoyaiba:nichirinsword_flame":62,"minecraft:rabbit":6,"supplementaries:sign_post_oak":2,"minecraft:stone_pickaxe":23,"minecraft:oak_planks":1,"minecraft:baked_potato":4,"minecraft:ender_pearl":1,"minecraft:wooden_pickaxe":59,"betteranimalsplus:pheasant_egg":1,"minecraft:golden_apple":2,"minecraft:music_disc_cat":2,"kimetsunoyaiba:kimetsu_window":2,"minecraft:oak_slab":2,"minecraft:crafting_table":4,"minecraft:mushroom_stew":2,"kimetsunoyaiba:chest_of_drawer":1,"minecraft:apple":4,"minecraft:cyan_bed":1,"minecraft:bread":30,"minecraft:string":1,"minecraft:iron_pickaxe":10,"minecraft:stone_axe":73,"minecraft:cobblestone":44,"minecraft:wooden_sword":7,"minecraft:potion":3,"minecraft:jukebox":2},"minecraft:killed":{"minecraft:spider":1,"alexsmobs:rattlesnake":1,"minecraft:horse":1,"minecraft:skeleton":8,"minecraft:silverfish":1,"betteranimalsplus:lamprey":1,"betteranimalsplus:eel_freshwater":1,"minecraft:zombie":2,"minecraft:stray":3},"minecraft:mined":{"kimetsunoyaiba:bamboo_fence":2,"kimetsunoyaiba:kimetsu_window":4,"kimetsunoyaiba:bento_block":1,"minecraft:grass_block":2,"minecraft:spruce_fence":1,"minecraft:polished_diorite":1,"kimetsunoyaiba:futon_2":1,"minecraft:spawner":5,"environmental:giant_tall_grass":6,"minecraft:hay_block":5,"minecraft:tall_seagrass":1,"supplementaries:sign_post":1,"minecraft:stripped_spruce_log":4,"minecraft:bookshelf":4,"kimetsunoyaiba:chest_of_drawer":1,"minecraft:iron_bars":4,"minecraft:lantern":5,"minecraft:stone":56,"minecraft:oak_slab":2,"minecraft:smoker":2,"minecraft:smooth_sandstone":1,"minecraft:clay":2,"minecraft:crafting_table":2,"minecraft:cornflower":1,"minecraft:torch":3,"kimetsunoyaiba:udon_block":2,"minecraft:chest":2,"minecraft:tall_grass":8,"minecraft:cobblestone":6,"minecraft:cyan_bed":1,"minecraft:oak_planks":1,"minecraft:wall_torch":2,"kimetsunoyaiba:shamisen_block":1,"minecraft:dark_oak_slab":1,"minecraft:jukebox":2,"minecraft:grass":33,"kimetsunoyaiba:fusuma_window":2,"minecraft:oak_log":5,"minecraft:coal_ore":1,"minecraft:dirt":5,"kimetsunoyaiba:tile_stair":1,"minecraft:cobweb":2,"minecraft:oak_leaves":2,"quark:root":1},"minecraft:killed_by":{"minecraft:player":1,"minecraft:creeper":1,"betteranimalsplus:lamprey":1,"minecraft:skeleton":1},"minecraft:broken":{"minecraft:wooden_pickaxe":1,"minecraft:stone_axe":1},"minecraft:crafted":{"minecraft:wooden_sword":1,"minecraft:oak_planks":20,"minecraft:furnace":1,"minecraft:iron_axe":1,"minecraft:stone_pickaxe":1,"minecraft:wheat":45,"minecraft:crafting_table":2,"minecraft:spruce_planks":16,"minecraft:wooden_pickaxe":1,"minecraft:stone_axe":1,"minecraft:air":0,"minecraft:bread":30,"minecraft:stick":36,"minecraft:gold_ingot":3,"betteranimalsplus:eel_meat_cooked":6,"minecraft:torch":4}},"DataVersion":2586}