{"stats":{"minecraft:picked_up":{"minecraft:stick":12,"minecraft:crafting_table":2,"minecraft:clay_ball":8,"minecraft:torch":4,"minecraft:oak_log":5,"minecraft:string":5,"minecraft:dirt":11,"minecraft:bone":2,"minecraft:arrow":4,"minecraft:yellow_carpet":2,"minecraft:stone_axe":1,"minecraft:wheat_seeds":2,"minecraft:stone_pickaxe":1,"minecraft:saddle":1,"minecraft:oak_planks":13,"minecraft:coal":1,"minecraft:cobblestone":81},"minecraft:dropped":{"minecraft:wheat_seeds":2,"minecraft:wooden_sword":1,"minecraft:string":1},"minecraft:used":{"minecraft:apple":3,"minecraft:wooden_pickaxe":59,"minecraft:stone_axe":6,"minecraft:wooden_sword":7,"minecraft:dirt":1,"minecraft:cobblestone":25,"minecraft:crafting_table":1},"minecraft:custom":{"minecraft:time_since_rest":2575,"minecraft:sprint_one_cm":96955,"minecraft:damage_taken":889,"minecraft:walk_one_cm":30480,"minecraft:mob_kills":2,"minecraft:drop":4,"minecraft:damage_dealt":421,"minecraft:swim_one_cm":763,"minecraft:interact_with_crafting_table":3,"minecraft:fly_one_cm":141000,"minecraft:open_chest":1,"minecraft:play_one_minute":42740,"minecraft:crouch_one_cm":1757,"minecraft:deaths":3,"minecraft:sneak_time":680,"minecraft:walk_under_water_one_cm":19,"minecraft:damage_dealt_resisted":29,"minecraft:jump":427,"minecraft:leave_game":2,"minecraft:walk_on_water_one_cm":105,"minecraft:time_since_death":2550,"minecraft:climb_one_cm":308,"minecraft:fall_one_cm":21672},"minecraft:killed":{"minecraft:skeleton":1,"minecraft:zombie":1},"minecraft:mined":{"environmental:giant_tall_grass":1,"minecraft:clay":2,"minecraft:crafting_table":1,"minecraft:grass":3,"minecraft:grass_block":2,"minecraft:oak_log":5,"minecraft:coal_ore":1,"minecraft:dirt":4,"minecraft:cobweb":2,"minecraft:tall_grass":5,"minecraft:cobblestone":6,"minecraft:stone":47,"minecraft:oak_leaves":2},"minecraft:broken":{"minecraft:wooden_pickaxe":1},"minecraft:crafted":{"minecraft:wooden_sword":1,"minecraft:oak_planks":20,"minecraft:crafting_table":1,"minecraft:stick":20,"minecraft:wooden_pickaxe":1,"minecraft:stone_pickaxe":1,"minecraft:torch":4,"minecraft:stone_axe":1}},"DataVersion":2586}