{"stats":{"minecraft:picked_up":{"minecraft:birch_log":11,"kimetsunoyaiba:futon":3,"minecraft:stick":19,"autumnity:maple_log":6,"minecraft:leather_leggings":1,"minecraft:leather":3,"minecraft:bowl":3,"minecraft:smoker":2,"minecraft:oak_log":70,"kimetsunoyaiba:uniform_leggings":1,"minecraft:spruce_door":1,"minecraft:dirt":10,"minecraft:arrow":2,"minecraft:bone":4,"minecraft:honey_bottle":1,"minecraft:rotten_flesh":2,"minecraft:apple":2,"kimetsunoyaiba:uniform_boots":1,"kimetsunoyaiba:shamisen":5,"autumnity:maple_sapling":1,"minecraft:spruce_planks":4,"minecraft:hay_block":7,"kimetsunoyaiba:nichirinsword":1,"minecraft:oak_sapling":13,"minecraft:birch_sapling":2,"minecraft:coal":10,"minecraft:cobblestone":13,"kimetsunoyaiba:human_flesh_2":3},"minecraft:dropped":{"minecraft:iron_nugget":4,"minecraft:spruce_planks":4,"minecraft:glass_bottle":1,"minecraft:bowl":3,"minecraft:rabbit":1,"minecraft:leather":2,"minecraft:spruce_door":1,"kimetsunoyaiba:futon":1},"minecraft:used":{"kimetsunoyaiba:futon":1,"minecraft:iron_axe":1,"minecraft:wooden_pickaxe":31,"kimetsunoyaiba:human_flesh_2":2,"minecraft:stone_axe":22,"minecraft:crafting_table":1,"minecraft:cooked_beef":4,"minecraft:honey_bottle":2,"minecraft:beetroot_soup":2},"minecraft:custom":{"minecraft:time_since_rest":28608,"minecraft:sprint_one_cm":170918,"minecraft:damage_taken":407,"minecraft:walk_one_cm":58769,"minecraft:drop":11,"minecraft:damage_dealt":140,"minecraft:interact_with_crafting_table":2,"minecraft:fly_one_cm":97750,"minecraft:open_barrel":7,"minecraft:open_chest":27,"minecraft:crouch_one_cm":2932,"minecraft:play_one_minute":30760,"minecraft:deaths":1,"minecraft:sneak_time":1274,"minecraft:jump":251,"minecraft:time_since_death":28575,"minecraft:damage_resisted":3,"minecraft:fall_one_cm":19459},"minecraft:killed":{"minecraft:husk":1},"minecraft:mined":{"kimetsunoyaiba:bamboo_fence":1,"minecraft:hay_block":7,"kimetsunoyaiba:shamisen_block":5,"minecraft:birch_log":11,"minecraft:smoker":2,"kimetsunoyaiba:futon":2,"minecraft:grass":8,"minecraft:grass_block":3,"minecraft:oak_log":70,"kimetsunoyaiba:chest_of_drawer":1,"minecraft:dirt":9,"minecraft:stone":13,"autumnity:maple_log":6,"minecraft:oak_leaves":12,"kimetsunoyaiba:futon_2":1},"minecraft:crafted":{"minecraft:oak_planks":16,"minecraft:crafting_table":1,"minecraft:stick":4,"minecraft:wooden_pickaxe":1,"minecraft:stone_axe":1}},"DataVersion":2586}