{"stats":{"minecraft:picked_up":{"minecraft:birch_log":11,"minecraft:stick":4,"minecraft:bone":2,"minecraft:arrow":2,"autumnity:maple_log":6,"autumnity:maple_sapling":1,"minecraft:oak_log":23,"minecraft:oak_sapling":6,"minecraft:birch_sapling":1,"minecraft:dirt":10,"minecraft:cobblestone":13},"minecraft:used":{"minecraft:stone_axe":10,"minecraft:crafting_table":1,"minecraft:wooden_pickaxe":23},"minecraft:custom":{"minecraft:time_since_rest":4608,"minecraft:play_one_minute":6760,"minecraft:crouch_one_cm":1456,"minecraft:walk_one_cm":18534,"minecraft:sprint_one_cm":29509,"minecraft:damage_taken":294,"minecraft:deaths":1,"minecraft:sneak_time":906,"minecraft:jump":88,"minecraft:damage_dealt":29,"minecraft:time_since_death":4575,"minecraft:interact_with_crafting_table":2,"minecraft:fall_one_cm":3774,"minecraft:fly_one_cm":29282},"minecraft:mined":{"minecraft:grass":5,"minecraft:grass_block":3,"minecraft:oak_log":23,"minecraft:dirt":7,"minecraft:birch_log":11,"minecraft:stone":13,"autumnity:maple_log":6,"minecraft:oak_leaves":5},"minecraft:crafted":{"minecraft:oak_planks":16,"minecraft:stone_axe":1,"minecraft:crafting_table":1,"minecraft:stick":4,"minecraft:wooden_pickaxe":1}},"DataVersion":2586}