{"stats":{"minecraft:picked_up":{"kimetsunoyaiba:human_flesh_2":3,"minecraft:birch_log":22,"kimetsunoyaiba:futon":5,"minecraft:feather":3,"autumnity:maple_log":12,"minecraft:leather_leggings":3,"minecraft:leather":3,"minecraft:lead":2,"minecraft:smoker":6,"kimetsunoyaiba:scarlet_ironsand":4,"minecraft:potato":64,"minecraft:enchanted_book":1,"minecraft:flint":4,"minecraft:oak_log":136,"kimetsunoyaiba:uniform_chestplate":1,"minecraft:cornflower":1,"minecraft:string":30,"minecraft:dirt":23,"minecraft:iron_axe":1,"minecraft:netherite_ingot":6,"minecraft:bone":10,"minecraft:apple":2,"minecraft:wheat_seeds":10,"kimetsunoyaiba:scarlet_ore":2,"minecraft:spruce_planks":4,"minecraft:iron_ingot":31,"minecraft:poppy":2,"minecraft:iron_pickaxe":1,"minecraft:rabbit":6,"minecraft:birch_sapling":4,"minecraft:oak_planks":7,"minecraft:book":144,"minecraft:stick":52,"minecraft:torch":2,"minecraft:bowl":4,"minecraft:porkchop":2,"kimetsunoyaiba:uniform_leggings":3,"minecraft:carrot":17,"minecraft:spruce_door":1,"betteranimalsplus:eel_meat_raw":2,"minecraft:arrow":2,"minecraft:honey_bottle":1,"minecraft:rotten_flesh":4,"kimetsunoyaiba:uniform_boots":2,"kimetsunoyaiba:shamisen":5,"minecraft:stone_axe":2,"autumnity:maple_sapling":2,"minecraft:hay_block":14,"betteranimalsplus:eel_meat_cooked":4,"kimetsunoyaiba:nichirinsword":2,"minecraft:oak_sapling":26,"minecraft:coal":20,"minecraft:ender_pearl":2,"minecraft:cobblestone":23},"minecraft:used":{"minecraft:wooden_pickaxe":31,"kimetsunoyaiba:human_flesh_2":2,"minecraft:crafting_table":1,"minecraft:honey_bottle":2,"kimetsunoyaiba:futon":1,"minecraft:iron_axe":1,"kimetsunoyaiba:nichirinsword_thunder":12,"minecraft:stone_axe":22,"minecraft:cooked_beef":19,"minecraft:beetroot_soup":2},"minecraft:custom":{"minecraft:mob_kills":2,"minecraft:interact_with_crafting_table":2,"minecraft:open_barrel":14,"minecraft:play_one_minute":87081,"minecraft:damage_dealt_resisted":127,"minecraft:leave_game":4,"minecraft:time_since_death":42310,"minecraft:climb_one_cm":175,"minecraft:sleep_in_bed":1,"minecraft:damage_resisted":411,"minecraft:time_since_rest":14337,"minecraft:damage_taken":1907,"minecraft:sprint_one_cm":545402,"minecraft:open_enderchest":1,"minecraft:walk_one_cm":286870,"minecraft:drop":48,"minecraft:damage_dealt":647,"minecraft:swim_one_cm":29609,"minecraft:fly_one_cm":740980,"minecraft:open_chest":33,"minecraft:crouch_one_cm":4352,"minecraft:deaths":2,"minecraft:sneak_time":2025,"minecraft:walk_under_water_one_cm":8163,"minecraft:jump":969,"minecraft:walk_on_water_one_cm":24173,"minecraft:fall_one_cm":132055},"minecraft:dropped":{"minecraft:enchanted_book":1,"minecraft:stone_axe":2,"betteranimalsplus:eel_meat_cooked":4,"minecraft:wheat_seeds":8,"minecraft:iron_nugget":4,"minecraft:glass_bottle":1,"minecraft:ender_pearl":2,"minecraft:bowl":3,"artifacts:aqua_dashers":1,"minecraft:feather":2,"kimetsunoyaiba:nichirinsword_thunder":1,"minecraft:lead":2,"minecraft:book":16,"minecraft:leather":2,"minecraft:spruce_door":1,"kimetsunoyaiba:uniform_leggings":1,"minecraft:carrot":17,"minecraft:stick":33,"minecraft:flint":4,"minecraft:poppy":2,"minecraft:potato":64,"artifacts:helium_flamingo":2,"minecraft:torch":2,"minecraft:spruce_planks":4,"minecraft:cornflower":1,"minecraft:rabbit":7,"minecraft:leather_leggings":1,"minecraft:wooden_pickaxe":1,"kimetsunoyaiba:scarlet_ironsand":4,"minecraft:iron_pickaxe":1,"kimetsunoyaiba:futon":1},"minecraft:mined":{"minecraft:smoker":2,"minecraft:grass_block":5,"autumnity:maple_log":6,"kimetsunoyaiba:futon_2":1,"minecraft:hay_block":7,"kimetsunoyaiba:shamisen_block":5,"minecraft:birch_log":11,"minecraft:grass":11,"kimetsunoyaiba:futon":2,"minecraft:oak_log":70,"kimetsunoyaiba:chest_of_drawer":1,"minecraft:dirt":10,"minecraft:stone":13,"minecraft:brain_coral":1,"minecraft:oak_leaves":12,"kimetsunoyaiba:bamboo_fence":1},"minecraft:killed":{"minecraft:husk":1},"minecraft:crafted":{"minecraft:oak_planks":16,"minecraft:crafting_table":1,"minecraft:wooden_pickaxe":1,"minecraft:stone_axe":1,"minecraft:stick":4}},"DataVersion":2586}