{"stats":{"minecraft:picked_up":{"kimetsunoyaiba:human_flesh_2":3,"minecraft:birch_log":11,"kimetsunoyaiba:futon":3,"autumnity:maple_log":6,"minecraft:leather_leggings":1,"minecraft:leather":3,"minecraft:smoker":2,"minecraft:oak_log":70,"minecraft:dirt":10,"minecraft:bone":4,"minecraft:apple":2,"minecraft:wheat_seeds":6,"minecraft:spruce_planks":4,"minecraft:poppy":2,"minecraft:birch_sapling":2,"minecraft:stick":19,"minecraft:torch":2,"minecraft:bowl":3,"kimetsunoyaiba:uniform_leggings":1,"minecraft:spruce_door":1,"minecraft:arrow":2,"minecraft:honey_bottle":1,"minecraft:rotten_flesh":2,"kimetsunoyaiba:uniform_boots":1,"kimetsunoyaiba:shamisen":5,"autumnity:maple_sapling":1,"minecraft:hay_block":7,"kimetsunoyaiba:nichirinsword":1,"minecraft:oak_sapling":13,"minecraft:coal":10,"minecraft:cobblestone":13},"minecraft:custom":{"minecraft:interact_with_crafting_table":2,"minecraft:open_barrel":14,"minecraft:play_one_minute":44536,"minecraft:leave_game":2,"minecraft:time_since_death":0,"minecraft:climb_one_cm":12,"minecraft:damage_resisted":147,"minecraft:time_since_rest":66,"minecraft:sprint_one_cm":312253,"minecraft:open_enderchest":1,"minecraft:damage_taken":985,"minecraft:walk_one_cm":93946,"minecraft:drop":22,"minecraft:damage_dealt":220,"minecraft:swim_one_cm":2369,"minecraft:fly_one_cm":280949,"minecraft:open_chest":32,"minecraft:crouch_one_cm":4233,"minecraft:deaths":2,"minecraft:sneak_time":1660,"minecraft:walk_under_water_one_cm":346,"minecraft:jump":528,"minecraft:walk_on_water_one_cm":4440,"minecraft:fall_one_cm":56658},"minecraft:used":{"minecraft:wooden_pickaxe":31,"kimetsunoyaiba:human_flesh_2":2,"minecraft:crafting_table":1,"minecraft:honey_bottle":2,"kimetsunoyaiba:futon":1,"minecraft:iron_axe":1,"minecraft:stone_axe":22,"minecraft:cooked_beef":8,"minecraft:beetroot_soup":2},"minecraft:dropped":{"minecraft:wheat_seeds":6,"minecraft:iron_nugget":4,"minecraft:glass_bottle":1,"minecraft:bowl":3,"minecraft:leather":2,"minecraft:spruce_door":1,"minecraft:poppy":2,"minecraft:torch":2,"minecraft:spruce_planks":4,"minecraft:rabbit":1,"minecraft:wooden_pickaxe":1,"kimetsunoyaiba:futon":1},"minecraft:mined":{"minecraft:smoker":2,"minecraft:grass_block":3,"autumnity:maple_log":6,"kimetsunoyaiba:futon_2":1,"minecraft:hay_block":7,"kimetsunoyaiba:shamisen_block":5,"minecraft:birch_log":11,"minecraft:grass":8,"kimetsunoyaiba:futon":2,"minecraft:oak_log":70,"kimetsunoyaiba:chest_of_drawer":1,"minecraft:dirt":9,"minecraft:stone":13,"minecraft:oak_leaves":12,"kimetsunoyaiba:bamboo_fence":1},"minecraft:killed":{"minecraft:husk":1},"minecraft:crafted":{"minecraft:oak_planks":16,"minecraft:crafting_table":1,"minecraft:wooden_pickaxe":1,"minecraft:stone_axe":1,"minecraft:stick":4}},"DataVersion":2586}