{"stat.chestOpened":1,"stat.useItem.minecraft.bow":14,"stat.killEntity.Skeleton":1,"stat.walkOneCm":26136,"stat.useItem.minecraft.torch":32,"stat.useItem.minecraft.bread":3,"stat.pickup.iceandfire.fire_dragon_flesh":2,"stat.pickup.minecraft.crafting_table":1,"stat.damageTaken":168,"stat.killEntity.Spider":1,"stat.mobKills":11,"stat.killEntity.Creeper":2,"stat.useItem.minecraft.anvil":1,"stat.useItem.iceandfire.dragonbone_sword_fire":3,"stat.drop.minecraft.rabbit_hide":2,"stat.flyOneCm":64404,"tombstone:undead_killed":1,"stat.drop":3,"stat.jump":299,"stat.playOneMinute":20105,"stat.useItem.minecraft.experience_bottle":334,"stat.fallOneCm":9609,"stat.pickup.minecraft.torch":36,"stat.pickup.minecraft.furnace":1,"stat.sneakTime":307,"stat.pickup.minecraft.wool":2,"stat.damageDealt":310,"stat.killEntity.Rabbit":5,"stat.drop.minecraft.beef":1,"stat.crouchOneCm":1107,"stat.timeSinceDeath":20105,"stat.pickup.minecraft.dirt":6,"stat.killEntity.Cow":1,"stat.sprintOneCm":37668,"stat.mineBlock.minecraft.dirt":6,"stat.useItem.minecraft.stone_slab2":6,"stat.mineBlock.minecraft.tallgrass":1,"stat.pickup.minecraft.mutton":2,"stat.pickup.minecraft.chest":1}