{"stat.chestOpened":18,"stat.useItem.minecraft.bow":67,"stat.pickup.iceandfire.fire_dragon_flesh":12,"stat.leaveGame":1,"stat.pickup.minecraft.gold_nugget":345,"stat.jump":787,"stat.swimOneCm":1264,"stat.useItem.minecraft.experience_bottle":334,"stat.fallOneCm":30957,"stat.drop.minecraft.wooden_sword":1,"stat.crouchOneCm":9643,"stat.pickup.minecraft.dirt":6,"stat.pickup.minecraft.painting":1,"stat.useItem.minecraft.stone_slab2":7,"stat.pickup.minecraft.bow":2,"stat.craftingTableInteraction":2,"stat.pickup.minecraft.rotten_flesh":2,"stat.pickup.iceandfire.fire_dragon_heart":1,"stat.pickup.minecraft.sand":1,"stat.drop.minecraft.gray_glazed_terracotta":3,"stat.damageTaken":2518,"stat.pickup.minecraft.planks":1,"stat.useItem.minecraft.anvil":1,"stat.useItem.iceandfire.dragonbone_sword_fire":129,"stat.drop.minecraft.rabbit_hide":2,"stat.flyOneCm":275404,"stat.pickup.minecraft.bed":1,"tombstone:undead_killed":59,"stat.pickup.minecraft.wheat_seeds":2,"stat.mineBlock.minecraft.sand":3,"stat.pickup.minecraft.diamond_axe":1,"stat.drop.iceandfire.fire_dragon_heart":1,"stat.damageDealt":15003,"stat.killEntity.Rabbit":9,"stat.timeSinceDeath":47071,"stat.killEntity.Cow":1,"stat.mineBlock.minecraft.dirt":6,"stat.pickup.minecraft.mutton":2,"stat.walkOneCm":157784,"stat.useItem.minecraft.torch":32,"stat.useItem.minecraft.bread":45,"stat.drop.minecraft.rotten_flesh":3,"stat.pickup.minecraft.chainmail_helmet":1,"stat.pickup.minecraft.crafting_table":1,"stat.pickup.minecraft.stonebrick":28,"stat.furnaceInteraction":1,"stat.pickup.cqrepoured.table_oak":1,"stat.pickup.iceandfire.dragon_skull":1,"stat.killEntity.Creeper":3,"stat.pickup.minecraft.wooden_sword":2,"stat.drop.minecraft.diamond_axe":1,"stat.pickup.minecraft.furnace":1,"stat.sprintOneCm":137084,"stat.pickup.minecraft.gray_glazed_terracotta":3,"stat.killEntity.Skeleton":2,"stat.mineBlock.iceandfire.goldpile":67,"stat.pickup.iceandfire.dragonscales_green":33,"stat.killEntity.Spider":2,"stat.killEntity.Husk":3,"stat.useItem.minecraft.diamond_pickaxe":51,"stat.pickup.minecraft.bread":44,"stat.killEntity.cqr_mummy":32,"stat.pickup.iceandfire.dragonbone_sword_fire":2,"stat.mobKills":85,"stat.pickup.iceandfire.dragonbone":12,"stat.useItem.minecraft.golden_apple":5,"stat.mineBlock.iceandfire.chared_gravel":3,"stat.drop":21,"stat.playOneMinute":47071,"stat.pickup.minecraft.torch":36,"stat.sneakTime":1969,"stat.pickup.minecraft.wool":3,"stat.drop.minecraft.beef":1,"stat.killEntity.firedragon":1,"stat.killEntity.Zombie":1,"stat.drop.minecraft.bread":11,"stat.mineBlock.minecraft.tallgrass":2,"stat.diveOneCm":1339,"stat.pickup.minecraft.chest":1}