{"stats":{"minecraft:picked_up":{"minecraft:birch_log":14,"minecraft:stick":3,"minecraft:bowl":3,"minecraft:dandelion":1,"minecraft:oak_log":6,"minecraft:spruce_log":7,"minecraft:dirt":2,"alexsmobs:animal_dictionary":1,"minecraft:wooden_sword":1,"minecraft:wheat_seeds":4,"minecraft:spruce_planks":20,"minecraft:birch_sapling":1,"minecraft:coal":6,"minecraft:cobblestone":6},"minecraft:used":{"minecraft:bread":3,"minecraft:stone_pickaxe":5,"minecraft:birch_sapling":1,"minecraft:wooden_pickaxe":7,"minecraft:stone_axe":1,"minecraft:wooden_sword":18,"minecraft:dirt":1,"minecraft:crafting_table":2,"minecraft:beetroot_soup":1},"minecraft:dropped":{"minecraft:wheat_seeds":4,"minecraft:bowl":3,"minecraft:stick":1},"minecraft:custom":{"minecraft:time_since_rest":7797,"minecraft:sprint_one_cm":48078,"minecraft:damage_taken":138,"minecraft:walk_one_cm":34307,"minecraft:mob_kills":2,"minecraft:drop":8,"minecraft:damage_dealt":448,"minecraft:interact_with_crafting_table":4,"minecraft:fly_one_cm":67564,"minecraft:open_barrel":3,"minecraft:open_chest":4,"minecraft:crouch_one_cm":2775,"minecraft:play_one_minute":34231,"minecraft:deaths":1,"minecraft:sneak_time":807,"minecraft:jump":255,"minecraft:damage_dealt_resisted":70,"minecraft:leave_game":5,"minecraft:time_since_death":7767,"minecraft:fall_one_cm":7990},"minecraft:killed":{"minecraft:zombie":1,"minecraft:spider":1},"minecraft:mined":{"environmental:giant_tall_grass":7,"minecraft:birch_log":14,"minecraft:spruce_log":7,"minecraft:birch_leaves":1,"minecraft:dandelion":1,"minecraft:grass":6,"minecraft:grass_block":2,"minecraft:oak_log":6,"minecraft:coal_ore":6,"minecraft:tall_grass":1,"minecraft:cobblestone":3,"minecraft:stone":3},"minecraft:killed_by":{"kimetsunoyaiba:demon":1},"minecraft:crafted":{"minecraft:wooden_sword":1,"minecraft:crafting_table":2,"minecraft:spruce_planks":28,"minecraft:stick":8,"minecraft:wooden_pickaxe":1,"minecraft:stone_pickaxe":1,"minecraft:stone_axe":1}},"DataVersion":2586}