{"stats":{"minecraft:picked_up":{"kimetsunoyaiba:human_flesh_2":1,"minecraft:birch_log":14,"kimetsunoyaiba:futon":1,"minecraft:feather":2,"minecraft:chainmail_boots":1,"kimetsunoyaiba:fusuma_window":6,"minecraft:rabbit_stew":1,"minecraft:leather":1,"minecraft:wooden_pickaxe":1,"kimetsunoyaiba:tile_stair":1,"minecraft:oak_log":6,"minecraft:gunpowder":4,"minecraft:dirt":2,"minecraft:wooden_sword":1,"minecraft:bow":1,"minecraft:wheat_seeds":4,"minecraft:spruce_planks":20,"minecraft:smooth_quartz":2,"minecraft:iron_pickaxe":1,"minecraft:birch_sapling":1,"minecraft:book":64,"minecraft:stick":3,"minecraft:dark_oak_slab":4,"minecraft:dandelion":1,"minecraft:bowl":3,"minecraft:sand":2,"kimetsunoyaiba:chest_of_drawer":1,"minecraft:spruce_log":7,"minecraft:spruce_door":3,"alexsmobs:animal_dictionary":1,"minecraft:arrow":7,"alexsmobs:guster_eye":1,"kimetsunoyaiba:uniform_boots":1,"kimetsunoyaiba:shamisen":4,"minecraft:saddle":1,"kimetsunoyaiba:nichirinsword":1,"minecraft:leather_horse_armor":1,"minecraft:coal":6,"minecraft:cobblestone":6},"minecraft:used":{"minecraft:stone_pickaxe":5,"minecraft:wooden_pickaxe":7,"minecraft:dirt":1,"minecraft:crafting_table":2,"minecraft:carrot":15,"kimetsunoyaiba:tile_stair":1,"kimetsunoyaiba:fusuma_window":6,"kimetsunoyaiba:chest_of_drawer":1,"minecraft:honey_bottle":2,"minecraft:oak_log":2,"minecraft:bread":3,"minecraft:birch_sapling":1,"minecraft:iron_pickaxe":3,"minecraft:dark_oak_slab":4,"minecraft:smooth_quartz":2,"minecraft:stone_axe":22,"minecraft:rabbit_stew":1,"minecraft:wooden_sword":63,"minecraft:bow":2,"minecraft:egg":9,"minecraft:beetroot_soup":1},"minecraft:dropped":{"minecraft:wheat_seeds":4,"minecraft:glass_bottle":1,"minecraft:bowl":4,"minecraft:feather":2,"minecraft:honey_bottle":1,"minecraft:spruce_door":3,"minecraft:carrot":34,"minecraft:stick":1,"minecraft:leather_chestplate":1,"minecraft:potato":22,"kimetsunoyaiba:human_flesh_2":1,"minecraft:gunpowder":4,"minecraft:chainmail_boots":1,"minecraft:leather_leggings":1},"minecraft:custom":{"minecraft:mob_kills":14,"minecraft:interact_with_crafting_table":4,"minecraft:open_barrel":7,"minecraft:play_one_minute":58231,"minecraft:damage_dealt_resisted":406,"minecraft:leave_game":5,"minecraft:time_since_death":31767,"minecraft:damage_resisted":59,"minecraft:time_since_rest":31797,"minecraft:sprint_one_cm":179978,"minecraft:walk_one_cm":94204,"minecraft:damage_taken":452,"minecraft:drop":43,"minecraft:damage_dealt":3018,"minecraft:fly_one_cm":307421,"minecraft:open_chest":55,"minecraft:crouch_one_cm":6944,"minecraft:deaths":1,"minecraft:sneak_time":1782,"minecraft:jump":680,"minecraft:walk_on_water_one_cm":1730,"minecraft:fall_one_cm":51157},"minecraft:mined":{"minecraft:dandelion":1,"minecraft:grass_block":2,"minecraft:cobblestone":3,"minecraft:tall_grass":3,"environmental:giant_tall_grass":7,"kimetsunoyaiba:shamisen_block":4,"minecraft:dark_oak_slab":4,"minecraft:birch_log":14,"minecraft:spruce_log":7,"minecraft:birch_leaves":1,"minecraft:grass":9,"kimetsunoyaiba:fusuma_window":6,"minecraft:coal_ore":6,"minecraft:oak_log":6,"kimetsunoyaiba:chest_of_drawer":1,"minecraft:smooth_quartz":2,"kimetsunoyaiba:tile_stair":1,"minecraft:stone":3},"minecraft:killed":{"kimetsunoyaiba:demon":1,"alexsmobs:guster":2,"minecraft:spider":1,"minecraft:creeper":1,"minecraft:skeleton":1,"minecraft:horse":3,"minecraft:zombie":2,"alexsmobs:roadrunner":1},"minecraft:killed_by":{"kimetsunoyaiba:demon":1},"minecraft:crafted":{"minecraft:wooden_sword":1,"minecraft:crafting_table":2,"minecraft:spruce_planks":28,"minecraft:wooden_pickaxe":1,"minecraft:stone_axe":1,"minecraft:stick":8,"minecraft:stone_pickaxe":1}},"DataVersion":2586}