{"stats":{"minecraft:picked_up":{"kimetsunoyaiba:human_flesh_2":1,"minecraft:birch_log":14,"kimetsunoyaiba:futon":1,"minecraft:feather":2,"minecraft:chainmail_boots":1,"kimetsunoyaiba:nichirinsword_flame":2,"kimetsunoyaiba:fusuma_window":6,"minecraft:rabbit_stew":1,"minecraft:leather":1,"minecraft:wooden_pickaxe":1,"kimetsunoyaiba:tile_stair":1,"kimetsunoyaiba:tile_half_block":1,"minecraft:oak_log":6,"minecraft:gunpowder":4,"kimetsunoyaiba:uniform_chestplate":1,"minecraft:dirt":4,"minecraft:string":2,"minecraft:lantern":3,"minecraft:wooden_sword":1,"minecraft:bone":2,"minecraft:bow":1,"minecraft:wheat_seeds":11,"kimetsunoyaiba:scarlet_ore":2,"minecraft:spruce_planks":20,"minecraft:smooth_quartz":2,"minecraft:iron_pickaxe":1,"minecraft:birch_sapling":1,"minecraft:book":64,"minecraft:stick":3,"minecraft:dark_oak_slab":4,"minecraft:torch":1,"minecraft:bowl":3,"minecraft:dandelion":1,"minecraft:sand":2,"kimetsunoyaiba:chest_of_drawer":1,"minecraft:spruce_log":7,"minecraft:spruce_door":3,"alexsmobs:animal_dictionary":1,"minecraft:arrow":7,"alexsmobs:guster_eye":1,"kimetsunoyaiba:shamisen":4,"kimetsunoyaiba:uniform_boots":1,"minecraft:saddle":1,"kimetsunoyaiba:nichirinsword":1,"minecraft:leather_horse_armor":1,"minecraft:coal":6,"minecraft:cobblestone":6,"minecraft:oxeye_daisy":2},"minecraft:used":{"kimetsunoyaiba:nichirinsword":1,"minecraft:stone_pickaxe":5,"minecraft:wooden_pickaxe":7,"minecraft:dirt":1,"minecraft:crafting_table":2,"minecraft:carrot":83,"kimetsunoyaiba:tile_stair":1,"kimetsunoyaiba:fusuma_window":6,"kimetsunoyaiba:chest_of_drawer":1,"minecraft:honey_bottle":2,"minecraft:oak_log":2,"minecraft:lantern":1,"minecraft:bread":3,"minecraft:iron_pickaxe":5,"minecraft:birch_sapling":1,"kimetsunoyaiba:nichirinsword_black":55,"minecraft:dark_oak_slab":4,"minecraft:smooth_quartz":2,"minecraft:rabbit_stew":1,"minecraft:stone_axe":40,"minecraft:wooden_sword":63,"minecraft:bow":8,"minecraft:egg":9,"minecraft:beetroot_soup":1},"minecraft:custom":{"minecraft:mob_kills":22,"minecraft:interact_with_crafting_table":4,"minecraft:open_barrel":21,"minecraft:play_one_minute":93357,"minecraft:damage_dealt_resisted":1025,"minecraft:leave_game":6,"minecraft:time_since_death":66893,"minecraft:damage_resisted":369,"minecraft:climb_one_cm":12,"minecraft:time_since_rest":66923,"minecraft:damage_taken":1722,"minecraft:sprint_one_cm":351703,"minecraft:open_enderchest":1,"minecraft:walk_one_cm":226321,"minecraft:drop":64,"minecraft:damage_dealt":4892,"minecraft:player_kills":1,"minecraft:swim_one_cm":2698,"minecraft:fly_one_cm":767260,"minecraft:open_chest":72,"minecraft:crouch_one_cm":10514,"minecraft:deaths":1,"minecraft:sneak_time":2583,"minecraft:walk_under_water_one_cm":925,"minecraft:jump":1301,"minecraft:walk_on_water_one_cm":11479,"minecraft:fall_one_cm":131886},"minecraft:dropped":{"kimetsunoyaiba:scarlet_ore":2,"minecraft:wheat_seeds":11,"minecraft:glass_bottle":1,"minecraft:bowl":4,"minecraft:feather":2,"kimetsunoyaiba:uniform_chestplate":1,"minecraft:lantern":2,"minecraft:spruce_door":3,"minecraft:honey_bottle":1,"minecraft:carrot":34,"minecraft:stick":1,"minecraft:oxeye_daisy":2,"minecraft:leather_chestplate":1,"minecraft:potato":22,"kimetsunoyaiba:human_flesh_2":1,"minecraft:gunpowder":4,"minecraft:torch":1,"minecraft:chainmail_boots":1,"minecraft:leather_leggings":1,"kimetsunoyaiba:nichirinsword_flame":2,"kimetsunoyaiba:tile_half_block":1,"minecraft:string":2,"minecraft:bone":2},"minecraft:mined":{"minecraft:dandelion":1,"minecraft:grass_block":4,"minecraft:tall_grass":8,"minecraft:cobblestone":3,"minecraft:oak_planks":1,"environmental:giant_tall_grass":10,"kimetsunoyaiba:shamisen_block":4,"minecraft:dark_oak_slab":4,"kimetsunoyaiba:tile_half_block":1,"minecraft:birch_log":14,"minecraft:spruce_log":7,"minecraft:birch_leaves":1,"minecraft:grass":35,"kimetsunoyaiba:fusuma_window":6,"minecraft:oak_log":6,"minecraft:coal_ore":6,"kimetsunoyaiba:chest_of_drawer":1,"minecraft:smooth_quartz":2,"kimetsunoyaiba:tile_stair":1,"minecraft:stone":3},"minecraft:killed":{"kimetsunoyaiba:demon":2,"alexsmobs:guster":2,"kimetsunoyaiba:demon_2":1,"minecraft:spider":2,"minecraft:creeper":1,"minecraft:horse":3,"minecraft:skeleton":1,"kimetsunoyaiba:kasugai_crow":1,"minecraft:zombie":2,"alexsmobs:roadrunner":1},"minecraft:killed_by":{"kimetsunoyaiba:demon":1},"minecraft:crafted":{"minecraft:wooden_sword":1,"minecraft:crafting_table":2,"minecraft:spruce_planks":28,"minecraft:wooden_pickaxe":1,"minecraft:stone_axe":1,"minecraft:stick":8,"minecraft:stone_pickaxe":1}},"DataVersion":2586}