{"stats":{"minecraft:picked_up":{"minecraft:birch_log":14,"kimetsunoyaiba:futon":1,"minecraft:chainmail_boots":1,"kimetsunoyaiba:fusuma_window":4,"minecraft:rabbit_stew":1,"minecraft:wooden_pickaxe":1,"kimetsunoyaiba:tile_stair":1,"minecraft:oak_log":6,"minecraft:dirt":2,"minecraft:wooden_sword":1,"minecraft:bow":1,"minecraft:wheat_seeds":4,"minecraft:spruce_planks":20,"minecraft:smooth_quartz":2,"minecraft:iron_pickaxe":1,"minecraft:birch_sapling":1,"minecraft:book":64,"minecraft:stick":3,"minecraft:dark_oak_slab":4,"minecraft:dandelion":1,"minecraft:bowl":3,"kimetsunoyaiba:chest_of_drawer":1,"minecraft:spruce_log":7,"minecraft:spruce_door":3,"alexsmobs:animal_dictionary":1,"minecraft:arrow":6,"kimetsunoyaiba:shamisen":4,"minecraft:saddle":1,"minecraft:leather_horse_armor":1,"minecraft:coal":6,"minecraft:cobblestone":6},"minecraft:used":{"minecraft:stone_pickaxe":5,"minecraft:wooden_pickaxe":7,"minecraft:dirt":1,"minecraft:crafting_table":2,"minecraft:carrot":1,"kimetsunoyaiba:tile_stair":1,"kimetsunoyaiba:fusuma_window":4,"kimetsunoyaiba:chest_of_drawer":1,"minecraft:honey_bottle":2,"minecraft:oak_log":2,"minecraft:bread":3,"minecraft:birch_sapling":1,"minecraft:iron_pickaxe":3,"minecraft:dark_oak_slab":4,"minecraft:smooth_quartz":2,"minecraft:stone_axe":10,"minecraft:rabbit_stew":1,"minecraft:wooden_sword":18,"minecraft:egg":9,"minecraft:beetroot_soup":1},"minecraft:dropped":{"minecraft:wheat_seeds":4,"minecraft:glass_bottle":1,"minecraft:bowl":4,"minecraft:honey_bottle":1,"minecraft:spruce_door":3,"minecraft:carrot":34,"minecraft:stick":1,"minecraft:potato":22},"minecraft:custom":{"minecraft:mob_kills":2,"minecraft:interact_with_crafting_table":4,"minecraft:open_barrel":7,"minecraft:play_one_minute":46231,"minecraft:damage_dealt_resisted":70,"minecraft:leave_game":5,"minecraft:time_since_death":19767,"minecraft:time_since_rest":19797,"minecraft:sprint_one_cm":137460,"minecraft:walk_one_cm":59945,"minecraft:damage_taken":138,"minecraft:drop":33,"minecraft:damage_dealt":452,"minecraft:fly_one_cm":104461,"minecraft:open_chest":55,"minecraft:crouch_one_cm":5718,"minecraft:deaths":1,"minecraft:sneak_time":1349,"minecraft:jump":405,"minecraft:fall_one_cm":15506},"minecraft:killed":{"minecraft:spider":1,"minecraft:zombie":1},"minecraft:mined":{"minecraft:dandelion":1,"minecraft:grass_block":2,"minecraft:cobblestone":3,"minecraft:tall_grass":1,"environmental:giant_tall_grass":7,"kimetsunoyaiba:shamisen_block":4,"minecraft:dark_oak_slab":4,"minecraft:birch_log":14,"minecraft:spruce_log":7,"minecraft:birch_leaves":1,"minecraft:grass":6,"kimetsunoyaiba:fusuma_window":4,"minecraft:coal_ore":6,"minecraft:oak_log":6,"kimetsunoyaiba:chest_of_drawer":1,"minecraft:smooth_quartz":2,"kimetsunoyaiba:tile_stair":1,"minecraft:stone":3},"minecraft:killed_by":{"kimetsunoyaiba:demon":1},"minecraft:crafted":{"minecraft:wooden_sword":1,"minecraft:crafting_table":2,"minecraft:spruce_planks":28,"minecraft:wooden_pickaxe":1,"minecraft:stone_axe":1,"minecraft:stick":8,"minecraft:stone_pickaxe":1}},"DataVersion":2586}