{"stat.chestOpened":17,"stat.useItem.minecraft.bow":37,"stat.walkOneCm":67994,"stat.useItem.minecraft.torch":32,"stat.useItem.minecraft.bread":21,"stat.pickup.iceandfire.fire_dragon_flesh":6,"stat.pickup.minecraft.crafting_table":1,"stat.pickup.iceandfire.dragon_skull":1,"stat.killEntity.Creeper":3,"stat.pickup.minecraft.gold_nugget":345,"stat.drop.minecraft.diamond_axe":1,"stat.jump":613,"stat.swimOneCm":441,"stat.useItem.minecraft.experience_bottle":334,"stat.fallOneCm":21141,"stat.pickup.minecraft.furnace":1,"stat.crouchOneCm":9146,"stat.pickup.minecraft.dirt":6,"stat.sprintOneCm":90330,"stat.useItem.minecraft.stone_slab2":7,"stat.killEntity.Skeleton":2,"stat.pickup.iceandfire.fire_dragon_heart":1,"stat.pickup.minecraft.sand":1,"stat.mineBlock.iceandfire.goldpile":67,"stat.pickup.iceandfire.dragonscales_green":33,"stat.damageTaken":1065,"stat.killEntity.Spider":2,"stat.killEntity.Husk":3,"stat.useItem.minecraft.diamond_pickaxe":51,"stat.mobKills":48,"stat.pickup.iceandfire.dragonbone":12,"stat.useItem.minecraft.anvil":1,"stat.useItem.iceandfire.dragonbone_sword_fire":52,"stat.drop.minecraft.rabbit_hide":2,"stat.useItem.minecraft.golden_apple":5,"stat.flyOneCm":161867,"tombstone:undead_killed":27,"stat.mineBlock.iceandfire.chared_gravel":3,"stat.drop":5,"stat.pickup.minecraft.wheat_seeds":2,"stat.mineBlock.minecraft.sand":3,"stat.playOneMinute":32705,"stat.pickup.minecraft.torch":36,"stat.drop.iceandfire.fire_dragon_heart":1,"stat.sneakTime":1820,"stat.pickup.minecraft.wool":2,"stat.damageDealt":7056,"stat.killEntity.Rabbit":9,"stat.drop.minecraft.beef":1,"stat.killEntity.firedragon":1,"stat.killEntity.Zombie":1,"stat.timeSinceDeath":32705,"stat.killEntity.Cow":1,"stat.mineBlock.minecraft.dirt":6,"stat.mineBlock.minecraft.tallgrass":1,"stat.pickup.minecraft.mutton":2,"stat.diveOneCm":861,"stat.pickup.minecraft.chest":1}