{"stats":{"minecraft:broken":{"minecraft:stone_axe":1},"minecraft:used":{"minecraft:cooked_mutton":1,"minecraft:stone_pickaxe":60,"minecraft:wooden_pickaxe":35,"betteranimalsplus:pheasant_egg":1,"betteranimalsplus:pheasantraw":1,"minecraft:crafting_table":5,"betteranimalsplus:pheasantcooked":3,"minecraft:oak_log":1,"betteranimalsplus:eel_meat_cooked":1,"minecraft:bread":1,"kimetsunoyaiba:nichirinsword_black":23,"kimetsunoyaiba:boar_flesh":1,"minecraft:stone_axe":81,"minecraft:furnace":2,"minecraft:oak_sapling":1},"minecraft:mined":{"minecraft:crafting_table":1,"minecraft:grass_block":9,"minecraft:yellow_carpet":3,"minecraft:tall_grass":8,"minecraft:cobblestone":4,"autumnity:maple_log":6,"minecraft:iron_ore":3,"minecraft:birch_log":25,"minecraft:wheat":4,"minecraft:grass":14,"minecraft:oak_log":93,"minecraft:iron_bars":4,"minecraft:sand":1,"minecraft:dirt":20,"minecraft:stone":54,"minecraft:oak_leaves":9},"minecraft:dropped":{"alexsmobs:maggot":1,"kimetsunoyaiba:nichirinsword_black":1,"minecraft:dirt":1,"minecraft:wooden_pickaxe":1},"minecraft:custom":{"minecraft:interact_with_furnace":10,"minecraft:mob_kills":23,"minecraft:interact_with_crafting_table":7,"minecraft:open_barrel":2,"minecraft:play_one_minute":90239,"minecraft:damage_dealt_resisted":95,"minecraft:leave_game":2,"minecraft:time_since_death":77252,"minecraft:sleep_in_bed":2,"minecraft:damage_resisted":37,"minecraft:time_since_rest":14656,"minecraft:sprint_one_cm":176732,"minecraft:damage_taken":848,"minecraft:walk_one_cm":116013,"minecraft:drop":4,"minecraft:damage_dealt":2603,"minecraft:swim_one_cm":3916,"minecraft:fly_one_cm":168073,"minecraft:open_chest":8,"minecraft:crouch_one_cm":8417,"minecraft:deaths":2,"minecraft:sneak_time":2718,"minecraft:walk_under_water_one_cm":3074,"minecraft:jump":467,"minecraft:walk_on_water_one_cm":6576,"minecraft:fall_one_cm":22795},"minecraft:killed":{"kimetsunoyaiba:demon_slayer":1,"kimetsunoyaiba:haganeduka":1,"kimetsunoyaiba:boar":1,"betteranimalsplus:pheasant":2,"minecraft:sheep":5,"minecraft:skeleton":4,"minecraft:zombie":1,"betteranimalsplus:songbird":1},"minecraft:picked_up":{"minecraft:birch_log":23,"minecraft:crafting_table":1,"minecraft:wheat":4,"minecraft:feather":5,"autumnity:maple_log":6,"minecraft:oak_log":87,"minecraft:gunpowder":2,"minecraft:dirt":31,"betteranimalsplus:pheasant_egg":1,"minecraft:bone":12,"minecraft:apple":1,"minecraft:wheat_seeds":14,"minecraft:iron_ore":3,"minecraft:birch_sapling":8,"minecraft:furnace":1,"minecraft:stick":22,"kimetsunoyaiba:nichirinsword_black":1,"betteranimalsplus:pheasantraw":4,"minecraft:porkchop":3,"minecraft:sand":1,"betteranimalsplus:eel_meat_raw":1,"minecraft:arrow":14,"minecraft:rotten_flesh":5,"minecraft:yellow_carpet":2,"autumnity:maple_sapling":4,"kimetsunoyaiba:boar_flesh":1,"alexsmobs:maggot":1,"minecraft:oak_sapling":23,"minecraft:mutton":8,"minecraft:iron_bars":4,"minecraft:white_wool":5,"minecraft:cobblestone":54},"minecraft:crafted":{"minecraft:oak_planks":40,"minecraft:crafting_table":5,"minecraft:wooden_pickaxe":1,"minecraft:furnace":2,"minecraft:stone_axe":2,"minecraft:bread":1,"minecraft:cooked_mutton":1,"minecraft:air":0,"minecraft:stick":8,"minecraft:stone_pickaxe":1,"autumnity:maple_planks":24,"betteranimalsplus:eel_meat_cooked":1,"betteranimalsplus:pheasantcooked":3}},"DataVersion":2586}