{"stats":{"minecraft:custom":{"minecraft:time_since_rest":31704,"minecraft:interact_with_furnace":3,"minecraft:sprint_one_cm":79351,"minecraft:damage_taken":588,"minecraft:walk_one_cm":25497,"minecraft:mob_kills":6,"minecraft:drop":1,"minecraft:damage_dealt":919,"minecraft:swim_one_cm":620,"minecraft:interact_with_crafting_table":4,"minecraft:fly_one_cm":55868,"minecraft:sneak_time":1713,"minecraft:crouch_one_cm":5025,"minecraft:play_one_minute":44632,"minecraft:deaths":2,"minecraft:walk_under_water_one_cm":260,"minecraft:jump":213,"minecraft:damage_dealt_resisted":78,"minecraft:leave_game":1,"minecraft:time_since_death":31645,"minecraft:walk_on_water_one_cm":2672,"minecraft:fall_one_cm":5022},"minecraft:dropped":{"minecraft:dirt":1},"minecraft:picked_up":{"minecraft:birch_log":23,"minecraft:stick":19,"minecraft:crafting_table":1,"minecraft:feather":5,"autumnity:maple_log":6,"betteranimalsplus:pheasantraw":4,"minecraft:oak_log":65,"minecraft:dirt":31,"betteranimalsplus:pheasant_egg":1,"betteranimalsplus:eel_meat_raw":1,"minecraft:yellow_carpet":2,"minecraft:apple":1,"minecraft:wheat_seeds":2,"autumnity:maple_sapling":4,"kimetsunoyaiba:boar_flesh":1,"minecraft:oak_sapling":11,"minecraft:birch_sapling":8,"minecraft:cobblestone":33},"minecraft:crafted":{"minecraft:oak_planks":20,"minecraft:crafting_table":2,"minecraft:stick":8,"minecraft:wooden_pickaxe":1,"minecraft:stone_pickaxe":1,"betteranimalsplus:eel_meat_cooked":1,"minecraft:furnace":1,"minecraft:stone_axe":1,"minecraft:air":0},"minecraft:killed":{"betteranimalsplus:songbird":1,"kimetsunoyaiba:demon_slayer":1,"kimetsunoyaiba:boar":1,"kimetsunoyaiba:haganeduka":1,"betteranimalsplus:pheasant":2},"minecraft:mined":{"minecraft:birch_log":25,"minecraft:crafting_table":1,"minecraft:grass":10,"minecraft:grass_block":9,"minecraft:oak_log":68,"minecraft:yellow_carpet":3,"minecraft:dirt":20,"minecraft:cobblestone":4,"minecraft:stone":33,"autumnity:maple_log":6,"minecraft:oak_leaves":5},"minecraft:used":{"betteranimalsplus:eel_meat_cooked":1,"minecraft:stone_pickaxe":31,"minecraft:wooden_pickaxe":35,"betteranimalsplus:pheasant_egg":1,"kimetsunoyaiba:boar_flesh":1,"betteranimalsplus:pheasantraw":1,"minecraft:stone_axe":58,"minecraft:crafting_table":3,"minecraft:furnace":1,"minecraft:oak_sapling":1}},"DataVersion":2586}