{"stats":{"minecraft:custom":{"minecraft:interact_with_furnace":10,"minecraft:mob_kills":22,"minecraft:interact_with_crafting_table":7,"minecraft:open_barrel":2,"minecraft:play_one_minute":85035,"minecraft:damage_dealt_resisted":95,"minecraft:leave_game":2,"minecraft:time_since_death":72048,"minecraft:sleep_in_bed":2,"minecraft:damage_resisted":35,"minecraft:time_since_rest":9452,"minecraft:sprint_one_cm":162343,"minecraft:damage_taken":840,"minecraft:walk_one_cm":104235,"minecraft:drop":4,"minecraft:damage_dealt":2578,"minecraft:swim_one_cm":2696,"minecraft:fly_one_cm":137458,"minecraft:open_chest":8,"minecraft:crouch_one_cm":5832,"minecraft:deaths":2,"minecraft:sneak_time":2078,"minecraft:walk_under_water_one_cm":1873,"minecraft:jump":416,"minecraft:walk_on_water_one_cm":5986,"minecraft:fall_one_cm":15254},"minecraft:dropped":{"alexsmobs:maggot":1,"kimetsunoyaiba:nichirinsword_black":1,"minecraft:dirt":1,"minecraft:wooden_pickaxe":1},"minecraft:picked_up":{"minecraft:birch_log":23,"minecraft:crafting_table":1,"minecraft:wheat":4,"minecraft:feather":5,"autumnity:maple_log":6,"minecraft:oak_log":87,"minecraft:gunpowder":2,"minecraft:dirt":31,"betteranimalsplus:pheasant_egg":1,"minecraft:bone":12,"minecraft:apple":1,"minecraft:wheat_seeds":14,"minecraft:birch_sapling":8,"minecraft:furnace":1,"minecraft:stick":22,"kimetsunoyaiba:nichirinsword_black":1,"betteranimalsplus:pheasantraw":4,"betteranimalsplus:eel_meat_raw":1,"minecraft:arrow":14,"minecraft:yellow_carpet":2,"minecraft:rotten_flesh":5,"autumnity:maple_sapling":4,"kimetsunoyaiba:boar_flesh":1,"alexsmobs:maggot":1,"minecraft:oak_sapling":23,"minecraft:mutton":8,"minecraft:iron_bars":4,"minecraft:white_wool":5,"minecraft:cobblestone":33},"minecraft:crafted":{"minecraft:oak_planks":40,"minecraft:crafting_table":4,"minecraft:wooden_pickaxe":1,"minecraft:furnace":2,"minecraft:stone_axe":2,"minecraft:bread":1,"minecraft:cooked_mutton":1,"minecraft:air":0,"minecraft:stick":8,"minecraft:stone_pickaxe":1,"betteranimalsplus:eel_meat_cooked":1,"betteranimalsplus:pheasantcooked":3},"minecraft:killed":{"kimetsunoyaiba:demon_slayer":1,"kimetsunoyaiba:haganeduka":1,"kimetsunoyaiba:boar":1,"betteranimalsplus:pheasant":2,"minecraft:sheep":5,"minecraft:skeleton":4,"minecraft:zombie":1,"betteranimalsplus:songbird":1},"minecraft:broken":{"minecraft:stone_axe":1},"minecraft:mined":{"minecraft:crafting_table":1,"minecraft:grass_block":9,"minecraft:yellow_carpet":3,"minecraft:tall_grass":8,"minecraft:cobblestone":4,"autumnity:maple_log":6,"minecraft:birch_log":25,"minecraft:wheat":4,"minecraft:grass":14,"minecraft:oak_log":93,"minecraft:iron_bars":4,"minecraft:dirt":20,"minecraft:stone":33,"minecraft:oak_leaves":9},"minecraft:used":{"minecraft:cooked_mutton":1,"minecraft:stone_pickaxe":35,"minecraft:wooden_pickaxe":35,"betteranimalsplus:pheasant_egg":1,"betteranimalsplus:pheasantraw":1,"minecraft:crafting_table":5,"betteranimalsplus:pheasantcooked":3,"minecraft:oak_log":1,"betteranimalsplus:eel_meat_cooked":1,"minecraft:bread":1,"kimetsunoyaiba:nichirinsword_black":22,"kimetsunoyaiba:boar_flesh":1,"minecraft:stone_axe":81,"minecraft:oak_sapling":1,"minecraft:furnace":2}},"DataVersion":2586}