{"stats":{"minecraft:picked_up":{"minecraft:birch_log":23,"minecraft:crafting_table":2,"minecraft:wheat":4,"minecraft:feather":5,"autumnity:maple_log":6,"minecraft:leather":2,"minecraft:oak_log":92,"minecraft:gunpowder":2,"minecraft:dirt":41,"minecraft:string":5,"betteranimalsplus:pheasant_egg":1,"minecraft:bone":15,"minecraft:apple":1,"minecraft:wheat_seeds":16,"minecraft:iron_ore":19,"minecraft:birch_sapling":16,"minecraft:oak_planks":1,"minecraft:furnace":1,"minecraft:stick":22,"kimetsunoyaiba:nichirinsword_black":1,"betteranimalsplus:pheasantraw":4,"minecraft:porkchop":5,"minecraft:sand":8,"minecraft:spider_eye":2,"betteranimalsplus:eel_meat_raw":1,"minecraft:arrow":19,"minecraft:rotten_flesh":7,"minecraft:yellow_carpet":2,"minecraft:polished_diorite":2,"autumnity:maple_sapling":4,"kimetsunoyaiba:boar_flesh":1,"minecraft:chainmail_helmet":1,"alexsmobs:maggot":1,"minecraft:oak_sapling":23,"minecraft:mutton":8,"minecraft:iron_bars":6,"minecraft:white_wool":5,"minecraft:cobblestone":62},"minecraft:dropped":{"alexsmobs:maggot":1,"minecraft:wheat_seeds":1,"minecraft:birch_sapling":8,"kimetsunoyaiba:nichirinsword_black":1,"minecraft:feather":5,"minecraft:yellow_carpet":2,"minecraft:dirt":1,"minecraft:sand":2,"minecraft:arrow":1,"minecraft:wooden_pickaxe":1,"minecraft:bone":1},"minecraft:custom":{"minecraft:interact_with_furnace":14,"minecraft:mob_kills":31,"minecraft:interact_with_crafting_table":14,"minecraft:open_barrel":2,"minecraft:play_one_minute":124103,"minecraft:damage_dealt_resisted":99,"minecraft:interact_with_stonecutter":1,"minecraft:leave_game":6,"minecraft:time_since_death":16383,"minecraft:sleep_in_bed":2,"minecraft:damage_resisted":209,"minecraft:time_since_rest":16415,"minecraft:sprint_one_cm":314652,"minecraft:damage_taken":1520,"minecraft:walk_one_cm":221530,"minecraft:drop":12,"minecraft:damage_dealt":3866,"minecraft:swim_one_cm":5172,"minecraft:fly_one_cm":393138,"minecraft:open_chest":13,"minecraft:crouch_one_cm":13255,"minecraft:deaths":4,"minecraft:sneak_time":4756,"minecraft:walk_under_water_one_cm":3470,"minecraft:jump":803,"minecraft:walk_on_water_one_cm":7162,"minecraft:fall_one_cm":67918},"minecraft:used":{"minecraft:cooked_mutton":1,"minecraft:stone_pickaxe":92,"minecraft:wooden_pickaxe":51,"betteranimalsplus:pheasant_egg":1,"betteranimalsplus:pheasantraw":1,"minecraft:crafting_table":7,"betteranimalsplus:pheasantcooked":3,"minecraft:oak_log":1,"betteranimalsplus:eel_meat_cooked":1,"minecraft:bread":1,"kimetsunoyaiba:nichirinsword_black":35,"kimetsunoyaiba:boar_flesh":1,"minecraft:stone_axe":112,"minecraft:furnace":3,"minecraft:oak_sapling":1,"minecraft:cooked_porkchop":2,"minecraft:cooked_beef":2},"minecraft:killed":{"kimetsunoyaiba:boar":1,"minecraft:spider":2,"kimetsunoyaiba:demon_slayer":1,"betteranimalsplus:boar":1,"kimetsunoyaiba:haganeduka":1,"betteranimalsplus:pheasant":2,"minecraft:sheep":5,"minecraft:skeleton":6,"minecraft:zombie":1,"betteranimalsplus:songbird":1},"minecraft:mined":{"minecraft:crafting_table":2,"minecraft:grass_block":15,"minecraft:yellow_carpet":3,"quark:stone_speleothem":6,"minecraft:tall_grass":10,"minecraft:cobblestone":4,"minecraft:polished_diorite":2,"minecraft:oak_planks":1,"autumnity:maple_log":6,"minecraft:sandstone":1,"minecraft:spawner":2,"environmental:giant_tall_grass":5,"minecraft:birch_log":25,"minecraft:iron_ore":20,"minecraft:wheat":4,"minecraft:grass":26,"minecraft:oak_log":98,"minecraft:iron_bars":6,"minecraft:sand":1,"minecraft:dirt":26,"minecraft:stone":64,"minecraft:oak_leaves":34},"minecraft:killed_by":{"minecraft:creeper":1},"minecraft:broken":{"minecraft:stone_axe":1},"minecraft:crafted":{"minecraft:oak_planks":52,"minecraft:cooked_porkchop":3,"minecraft:crafting_table":6,"minecraft:wooden_pickaxe":2,"minecraft:furnace":3,"minecraft:stone_axe":3,"minecraft:bread":1,"minecraft:cooked_mutton":1,"minecraft:air":0,"minecraft:stick":12,"minecraft:stone_pickaxe":1,"betteranimalsplus:eel_meat_cooked":1,"autumnity:maple_planks":24,"betteranimalsplus:pheasantcooked":3}},"DataVersion":2586}