{"stat.useItem.minecraft.bow":256,"stat.drop.minecraft.waterlily":1,"stat.pickup.iceandfire.fire_dragon_flesh":28,"stat.leaveGame":3,"stat.mineBlock.iceandfire.chared_stone":5,"stat.useItem.minecraft.diamond_sword":275,"stat.pickup.iceandfire.troll_weapon.axe":1,"stat.swimOneCm":96438,"stat.pickup.minecraft.enchanted_book":1,"stat.climbOneCm":723,"stat.useItem.minecraft.stone_slab2":11,"stat.drop.dynamictrees.oakbranch":1,"stat.pickup.minecraft.iron_boots":2,"stat.pickup.minecraft.sand":1,"stat.useItem.minecraft.egg":1,"stat.pickup.iceandfire.chared_cobblestone":1,"stat.pickup.iceandfire.chain_link":6,"stat.pickup.minecraft.cobblestone":34,"stat.killEntity.if_cockatrice":1,"stat.flyOneCm":976760,"stat.drop.minecraft.iron_helmet":1,"stat.entityKilledBy.firedragon":12,"stat.pickup.iceandfire.ash":18,"stat.drop.minecraft.wheat_seeds":2,"stat.timeSinceDeath":14421,"stat.pickup.travelersbackpack.travelers_backpack":1,"stat.killEntity.ZombieVillager":1,"stat.pickup.iceandfire.dragon_skull":4,"stat.mineBlock.minecraft.coal_ore":24,"stat.drop.iceandfire.dragon_skull":1,"stat.pickup.tombstone.crafting_ingredient":1,"stat.sprintOneCm":357415,"stat.craftItem.minecraft.stick":32,"stat.killEntity.ebwizardry:evil_wizard":5,"stat.mineBlock.minecraft.diamond_ore":6,"stat.mineBlock.minecraft.crafting_table":3,"stat.useItem.minecraft.diamond_pickaxe":72,"stat.craftItem.iceandfire.armor_gray_chestplate":1,"stat.drop.iceandfire.fire_dragon_flesh":6,"stat.craftItem.iceandfire.armor_gray_helmet":1,"stat.killEntity.ebwizardry:wizard":2,"stat.deaths":21,"stat.drop":19,"stat.pickup.minecraft.egg":4,"stat.playOneMinute":137021,"stat.drop.tombstone.grave_key":2,"stat.killEntity.Sheep":1,"stat.pickup.tombstone.grave_key":1,"stat.killEntity.Zombie":9,"stat.pickup.iceandfire.chared_dirt":12,"stat.mineBlock.minecraft.tallgrass":5,"stat.diveOneCm":77231,"stat.chestOpened":52,"stat.craftItem.iceandfire.armor_green_helmet":1,"stat.pickup.minecraft.waterlily":1,"stat.useItem.minecraft.diamond_axe":67,"stat.pickup.minecraft.gold_nugget":51,"stat.jump":5179,"stat.useItem.minecraft.experience_bottle":596,"stat.pickup.minecraft.coal":25,"stat.pickup.minecraft.iron_helmet":1,"stat.fallOneCm":165254,"stat.crouchOneCm":3853,"stat.pickup.iceandfire.chared_stone":46,"stat.craftItem.minecraft.torch":96,"stat.drop.iceandfire.chared_stone":19,"stat.craftingTableInteraction":7,"stat.drop.iceandfire.chared_grass":1,"stat.pickup.iceandfire.fire_dragon_heart":3,"stat.craftItem.iceandfire.armor_gray_leggings":2,"stat.damageTaken":16831,"stat.craftItem.iceandfire.armor_green_leggings":1,"stat.pickup.iceandfire.dragonscales_red":7,"stat.pickup.minecraft.bed":1,"tombstone:undead_killed":18,"stat.pickup.minecraft.wheat_seeds":3,"stat.mineBlock.minecraft.gravel":1,"stat.damageDealt":15749,"stat.pickup.iceandfire.chared_grass":7,"stat.sleepInBed":2,"stat.craftItem.iceandfire.armor_gray_boots":1,"stat.walkOneCm":245738,"stat.useItem.minecraft.bread":94,"stat.useItem.minecraft.torch":61,"stat.pickup.minecraft.golden_apple":1,"stat.pickup.dynamictrees.birchseed":1,"stat.pickup.minecraft.stick":12,"stat.pickup.minecraft.crafting_table":3,"stat.useItem.minecraft.cobblestone":16,"stat.craftItem.minecraft.crafting_table":1,"stat.pickup.iceandfire.armor_gray_chestplate":1,"stat.pickup.minecraft.log":8,"stat.drop.iceandfire.chared_dirt":2,"stat.useItem.tombstone.gift":1,"stat.pickup.minecraft.web":1,"stat.killEntity.if_troll":1,"stat.drop.minecraft.egg":3,"stat.pickup.minecraft.gold_ingot":3,"stat.killEntity.Skeleton":8,"stat.craftItem.minecraft.planks":32,"stat.drop.iceandfire.ash":2,"stat.pickup.minecraft.diamond_helmet":1,"stat.pickup.iceandfire.dragonscales_green":240,"stat.killEntity.Spider":2,"stat.pickup.minecraft.bread":31,"stat.mobKills":36,"stat.pickup.iceandfire.dragonbone":91,"stat.useItem.minecraft.golden_apple":1,"stat.pickup.minecraft.diamond":6,"stat.killEntity.ebwizardry:remnant":3,"stat.killEntity.betteranimalsplus.moose":1,"stat.sneakTime":2222,"stat.craftItem.iceandfire.armor_green_boots":1,"stat.drop.minecraft.bucket":1,"stat.killEntity.firedragon":3,"stat.mineBlock.minecraft.stone":35,"stat.pickup.minecraft.chest":1}