{"stat.useItem.minecraft.bow":256,"stat.pickup.iceandfire.fire_dragon_flesh":27,"stat.leaveGame":3,"stat.mineBlock.iceandfire.chared_stone":5,"stat.useItem.minecraft.diamond_sword":258,"stat.pickup.iceandfire.troll_weapon.axe":1,"stat.swimOneCm":77590,"stat.pickup.minecraft.enchanted_book":1,"stat.climbOneCm":616,"stat.useItem.minecraft.stone_slab2":10,"stat.drop.dynamictrees.oakbranch":1,"stat.pickup.minecraft.iron_boots":2,"stat.pickup.minecraft.sand":1,"stat.useItem.minecraft.egg":1,"stat.pickup.iceandfire.chared_cobblestone":1,"stat.pickup.iceandfire.chain_link":6,"stat.pickup.minecraft.cobblestone":34,"stat.flyOneCm":893748,"stat.drop.minecraft.iron_helmet":1,"stat.entityKilledBy.firedragon":12,"stat.pickup.iceandfire.ash":16,"stat.drop.minecraft.wheat_seeds":2,"stat.timeSinceDeath":1821,"stat.pickup.travelersbackpack.travelers_backpack":1,"stat.killEntity.ZombieVillager":1,"stat.pickup.iceandfire.dragon_skull":3,"stat.mineBlock.minecraft.coal_ore":24,"stat.pickup.tombstone.crafting_ingredient":1,"stat.sprintOneCm":321603,"stat.craftItem.minecraft.stick":32,"stat.killEntity.ebwizardry:evil_wizard":2,"stat.mineBlock.minecraft.diamond_ore":6,"stat.mineBlock.minecraft.crafting_table":2,"stat.useItem.minecraft.diamond_pickaxe":71,"stat.craftItem.iceandfire.armor_gray_chestplate":1,"stat.craftItem.iceandfire.armor_gray_helmet":1,"stat.killEntity.ebwizardry:wizard":1,"stat.deaths":21,"stat.drop":15,"stat.pickup.minecraft.egg":4,"stat.playOneMinute":124421,"stat.drop.tombstone.grave_key":2,"stat.pickup.tombstone.grave_key":1,"stat.killEntity.Zombie":9,"stat.pickup.iceandfire.chared_dirt":12,"stat.mineBlock.minecraft.tallgrass":1,"stat.diveOneCm":70801,"stat.chestOpened":48,"stat.craftItem.iceandfire.armor_green_helmet":1,"stat.useItem.minecraft.diamond_axe":34,"stat.pickup.minecraft.gold_nugget":51,"stat.jump":4108,"stat.useItem.minecraft.experience_bottle":596,"stat.pickup.minecraft.coal":25,"stat.pickup.minecraft.iron_helmet":1,"stat.fallOneCm":157665,"stat.crouchOneCm":3853,"stat.pickup.iceandfire.chared_stone":46,"stat.craftItem.minecraft.torch":96,"stat.drop.iceandfire.chared_stone":19,"stat.craftingTableInteraction":6,"stat.drop.iceandfire.chared_grass":1,"stat.pickup.iceandfire.fire_dragon_heart":3,"stat.craftItem.iceandfire.armor_gray_leggings":2,"stat.damageTaken":15958,"stat.craftItem.iceandfire.armor_green_leggings":1,"stat.pickup.minecraft.bed":1,"tombstone:undead_killed":18,"stat.pickup.minecraft.wheat_seeds":2,"stat.mineBlock.minecraft.gravel":1,"stat.damageDealt":12605,"stat.pickup.iceandfire.chared_grass":6,"stat.sleepInBed":2,"stat.craftItem.iceandfire.armor_gray_boots":1,"stat.walkOneCm":216812,"stat.useItem.minecraft.bread":77,"stat.useItem.minecraft.torch":59,"stat.pickup.minecraft.golden_apple":1,"stat.pickup.dynamictrees.birchseed":1,"stat.pickup.minecraft.stick":12,"stat.pickup.minecraft.crafting_table":2,"stat.useItem.minecraft.cobblestone":16,"stat.craftItem.minecraft.crafting_table":1,"stat.pickup.iceandfire.armor_gray_chestplate":1,"stat.pickup.minecraft.log":8,"stat.drop.iceandfire.chared_dirt":2,"stat.useItem.tombstone.gift":1,"stat.pickup.minecraft.web":1,"stat.killEntity.if_troll":1,"stat.drop.minecraft.egg":3,"stat.pickup.minecraft.gold_ingot":3,"stat.killEntity.Skeleton":8,"stat.craftItem.minecraft.planks":32,"stat.drop.iceandfire.ash":2,"stat.pickup.minecraft.diamond_helmet":1,"stat.pickup.iceandfire.dragonscales_green":240,"stat.killEntity.Spider":2,"stat.pickup.minecraft.bread":31,"stat.mobKills":26,"stat.pickup.iceandfire.dragonbone":80,"stat.useItem.minecraft.golden_apple":1,"stat.pickup.minecraft.diamond":6,"stat.sneakTime":2186,"stat.craftItem.iceandfire.armor_green_boots":1,"stat.killEntity.firedragon":3,"stat.mineBlock.minecraft.stone":35,"stat.pickup.minecraft.chest":1}