{"stat.useItem.minecraft.bow":294,"stat.drop.iceandfire.silver_ingot":1,"stat.craftItem.betteranimalsplus.venisoncooked":15,"stat.drop.minecraft.waterlily":1,"stat.pickup.minecraft.wooden_slab":4,"stat.pickup.iceandfire.fire_dragon_flesh":73,"stat.leaveGame":13,"stat.drop.iceandfire.armor_green_boots":1,"stat.pickup.iceandfire.dragon_flute":1,"stat.useItem.betteranimalsplus.venisoncooked":14,"stat.pickup.ebwizardry.spell_book":10,"stat.mineBlock.iceandfire.myrmex_resin_sticky":1,"stat.mineBlock.minecraft.sandstone":31,"stat.mineBlock.minecraft.stained_glass":3,"stat.useItem.minecraft.planks":38,"stat.drop.dynamictrees.birchseed":1,"stat.pickup.minecraft.glowstone_dust":40,"stat.drop.betteranimalsplus.pheasant_egg":1,"stat.mineBlock.minecraft.stone_brick_stairs":1,"stat.pickup.minecraft.sand":13,"stat.pickup.iceandfire.armor_bronze_chestplate":1,"stat.pickup.iceandfire.chared_cobblestone":1,"stat.killEntity.Enderman":1,"stat.mineBlock.minecraft.wooden_slab":1,"stat.killEntity.if_cockatrice":2,"stat.killEntity.icedragon":1,"stat.entityKilledBy.firedragon":12,"stat.killEntity.cqr_lich":1,"stat.pickup.minecraft.brown_mushroom":1,"stat.mineBlock.minecraft.sand":2,"stat.pickup.iceandfire.ash":18,"stat.drop.minecraft.sand":6,"stat.drop.minecraft.diamond":2,"stat.pickup.minecraft.stained_hardened_clay":5,"stat.killEntity.myrmex_worker":7,"stat.pickup.minecraft.double_plant":2,"stat.useItem.ebwizardry.magic_wand":1,"stat.pickup.minecraft.armor_stand":2,"stat.pickup.cqrepoured.hookshot":2,"stat.pickup.iceandfire.armor_green_leggings":1,"stat.pickup.cqrepoured.table_oak":1,"stat.furnaceInteraction":13,"stat.killEntity.ZombieVillager":4,"stat.pickup.iceandfire.dragon_skull":10,"stat.drop.iceandfire.dragonbone":7,"stat.pickup.minecraft.filled_map":1,"stat.mineBlock.ebwizardry.runestone":1,"stat.drop.iceandfire.dragon_skull":2,"stat.pickup.minecraft.furnace":2,"stat.pickup.minecraft.hay_block":71,"stat.mineBlock.minecraft.stained_hardened_clay":4,"stat.drop.minecraft.stone_pressure_plate":1,"stat.pickup.cqrepoured.unlit_torch":1,"stat.craftItem.ebwizardry.magic_wand":1,"stat.killEntity.betteranimalsplus.tarantula":1,"stat.killEntity.Husk":1,"stat.pickup.minecraft.pumpkin_seeds":1,"stat.killEntity.betteranimalsplus.zotzpyre":2,"stat.pickup.betteranimalsplus.moosehead_4":1,"stat.useItem.tombstone.scroll_of_knowledge":3,"stat.deaths":24,"stat.pickup.minecraft.egg":5,"stat.drop.iceandfire.dragonbone_sword_fire":2,"stat.playOneMinute":462407,"stat.killEntity.cqr_skeleton":7,"stat.pickup.minecraft.item_frame":1,"stat.pickup.minecraft.iron_bars":2,"stat.drop.minecraft.torch":36,"stat.drop.minecraft.glass_bottle":1,"stat.useItem.minecraft.gray_glazed_terracotta":8,"stat.mineBlock.minecraft.tallgrass":23,"stat.chestOpened":233,"stat.pickup.minecraft.waterlily":4,"stat.mineBlock.minecraft.ice":1,"stat.drop.minecraft.flint":1,"stat.pickup.minecraft.gold_nugget":55,"stat.killEntity.myrmex_royal":6,"stat.useItem.minecraft.packed_ice":1,"stat.useItem.minecraft.experience_bottle":596,"stat.fallOneCm":352201,"stat.mineBlock.ebwizardry.receptacle":1,"stat.useItem.tombstone.tablet_of_cupidity":6,"stat.crouchOneCm":26423,"stat.craftItem.minecraft.chest":1,"stat.pickup.minecraft.painting":7,"stat.pickup.minecraft.red_mushroom":2,"stat.craftingTableInteraction":11,"stat.pickup.iceandfire.ice_dragon_flesh":4,"stat.craftItem.iceandfire.armor_gray_leggings":2,"stat.mineBlock.minecraft.log2":1,"stat.pickup.iceandfire.dragonscales_red":37,"stat.pickup.minecraft.planks":154,"stat.pickup.minecraft.iron_leggings":2,"stat.pickup.minecraft.wheat_seeds":22,"stat.mineBlock.minecraft.gravel":1,"stat.drop.iceandfire.fire_dragon_heart":3,"stat.craftItem.iceandfire.armor_gray_boots":1,"stat.pickup.iceandfire.armor_green_helmet":1,"stat.pickup.iceandfire.dragon_ice_spikes":5,"stat.drop.iceandfire.ice_dragon_flesh":4,"stat.mineBlock.minecraft.monster_egg":1,"stat.mineBlock.iceandfire.myrmex_resin":4,"stat.useItem.minecraft.bread":346,"stat.useItem.minecraft.torch":175,"stat.pickup.minecraft.golden_apple":6,"stat.pickup.minecraft.crafting_table":9,"stat.useItem.minecraft.cobblestone":17,"stat.craftItem.minecraft.crafting_table":1,"stat.mineBlock.minecraft.double_plant":1,"stat.pickup.minecraft.log":14,"stat.killEntity.betteranimalsplus.reindeer":5,"stat.craftItem.minecraft.gold_ingot":9,"stat.pickup.minecraft.web":1,"stat.pickup.minecraft.wooden_door":2,"stat.pickup.iceandfire.dragonscales_gray":20,"stat.pickup.minecraft.apple":4,"stat.mineBlock.iceandfire.dread_spawner":1,"stat.drop.minecraft.bow":1,"stat.pickup.iceandfire.myrmex_stinger":11,"stat.craftItem.minecraft.planks":76,"stat.pickup.minecraft.diamond_helmet":1,"stat.pickup.iceandfire.dragonscales_green":256,"stat.killEntity.WitherSkeleton":1,"stat.pickup.ebwizardry.receptacle":1,"tombstone:kill_undead_boss":1,"stat.pickup.minecraft.book":1,"stat.useItem.minecraft.stonebrick":5,"stat.mineBlock.minecraft.waterlily":2,"stat.pickup.iceandfire.dragonbone":160,"stat.mineBlock.iceandfire.dragon_ice_spikes":9,"stat.pickup.minecraft.red_flower":3,"stat.sneakTime":12071,"stat.pickup.minecraft.wool":11,"stat.drop.minecraft.bucket":1,"stat.useItem.tombstone.tablet_of_assistance":5,"stat.pickup.minecraft.yellow_flower":1,"stat.pickup.minecraft.chest":1,"stat.pickup.dynamictrees.acaciaseed":5,"stat.pickup.minecraft.stone_pressure_plate":1,"stat.killEntity.myrmex_sentinel":12,"stat.drop.dynamictrees.acaciaseed":4,"stat.mineBlock.minecraft.cobblestone":7,"stat.drop.minecraft.red_mushroom":2,"stat.pickup.minecraft.flint":1,"stat.pickup.iceandfire.ice_dragon_heart":1,"stat.mineBlock.iceandfire.chared_stone":5,"stat.useItem.minecraft.diamond_sword":1167,"stat.pickup.iceandfire.troll_weapon.axe":1,"stat.mineBlock.minecraft.stained_glass_pane":2,"stat.swimOneCm":216882,"stat.pickup.minecraft.enchanted_book":2,"stat.climbOneCm":2959,"stat.mineBlock.minecraft.spruce_stairs":1,"stat.drop.minecraft.cobblestone":1,"stat.drop.iceandfire.deathworm_chitin":1,"stat.killEntity.betteranimalsplus.boar":5,"stat.useItem.minecraft.stone_slab2":45,"stat.pickup.minecraft.bow":1,"stat.drop.dynamictrees.oakbranch":1,"stat.pickup.minecraft.iron_boots":3,"stat.killEntity.deathworm":9,"stat.entityKilledBy.cqr_mummy":1,"stat.useItem.minecraft.egg":1,"stat.pickup.minecraft.anvil":1,"stat.pickup.iceandfire.chain_link":6,"stat.pickup.minecraft.cobblestone":61,"stat.pickup.iceandfire.myrmex_resin":5,"stat.pickup.minecraft.gold_block":1,"stat.pickup.minecraft.diamond_leggings":1,"stat.flyOneCm":3103535,"stat.drop.minecraft.iron_helmet":1,"stat.pickup.minecraft.sandstone":28,"stat.drop.minecraft.wheat_seeds":8,"stat.pickup.iceandfire.myrmex_desert_biolight":2,"stat.pickup.minecraft.redstone":2,"stat.timeSinceDeath":139593,"stat.mineBlock.iceandfire.dread_torch":1,"stat.pickup.minecraft.mutton":10,"stat.pickup.minecraft.mossy_cobblestone":1,"stat.mineBlock.ebwizardry.arcane_workbench":2,"stat.pickup.ebwizardry.arcane_workbench":3,"stat.pickup.travelersbackpack.travelers_backpack":22,"stat.pickup.minecraft.chainmail_helmet":1,"stat.pickup.minecraft.stonebrick":99,"stat.pickup.ebwizardry.magic_crystal":1083,"stat.pickup.minecraft.carpet":2,"stat.mineBlock.minecraft.coal_ore":30,"stat.drop.cqrepoured.great_sword_iron":1,"stat.killEntity.Creeper":1,"stat.talkedToVillager":5,"stat.pickup.ebwizardry.magic_wand":58,"stat.pickup.tombstone.crafting_ingredient":1,"stat.craftItem.minecraft.stone_slab2":0,"stat.drop.minecraft.obsidian":22,"stat.drop.minecraft.oak_stairs":2,"stat.pickup.minecraft.sandstone_stairs":4,"stat.pickup.iceandfire.armor_green_boots":2,"stat.sprintOneCm":1299705,"stat.pickup.minecraft.gray_glazed_terracotta":37,"stat.craftItem.minecraft.stick":32,"stat.killEntity.dread_thrall":2,"stat.killEntity.ebwizardry:evil_wizard":12,"stat.useItem.tombstone.magic_scroll":2,"stat.mineBlock.minecraft.diamond_ore":6,"stat.pickup.minecraft.grass":1,"stat.killEntity.myrmex_soldier":6,"stat.mineBlock.minecraft.crafting_table":4,"stat.useItem.minecraft.diamond_pickaxe":215,"stat.killEntity.cqr_mummy":122,"stat.craftItem.iceandfire.armor_gray_chestplate":1,"stat.drop.iceandfire.fire_dragon_flesh":11,"stat.pickup.iceandfire.dragonbone_sword_fire":2,"stat.drop.minecraft.golden_apple":1,"stat.craftItem.iceandfire.armor_gray_helmet":1,"stat.killEntity.ebwizardry:wizard":5,"stat.mineBlock.minecraft.planks":1,"stat.drop":79,"stat.pickup.minecraft.stone_button":1,"stat.drop.tombstone.grave_key":2,"stat.killEntity.Sheep":1,"stat.pickup.tombstone.grave_key":1,"stat.killEntity.Zombie":39,"stat.useItem.cqrepoured.great_sword_iron":11,"stat.pickup.minecraft.snowball":12,"stat.drop.minecraft.bread":44,"stat.pickup.iceandfire.chared_dirt":12,"stat.diveOneCm":138377,"stat.mineBlock.minecraft.mossy_cobblestone":1,"stat.pickup.iceandfire.dragonscales_bronze":80,"stat.craftItem.iceandfire.armor_green_helmet":1,"stat.craftItem.minecraft.cooked_porkchop":14,"stat.pickup.iceandfire.dragonbone_arrow":30,"stat.useItem.minecraft.diamond_axe":285,"stat.mineBlock.minecraft.anvil":1,"stat.pickup.spartanweaponry.quiver_arrow_moderate":5,"stat.pickup.minecraft.obsidian":80,"stat.useItem.minecraft.carpet":1,"stat.useItem.minecraft.potion":2,"stat.pickup.minecraft.stone_brick_stairs":8,"stat.pickup.minecraft.diamond_sword":8,"stat.jump":11324,"stat.pickup.minecraft.coal":54,"stat.pickup.minecraft.iron_helmet":2,"stat.pickup.minecraft.iron_ingot":6,"stat.drop.minecraft.diamond_sword":1,"stat.pickup.iceandfire.chared_stone":50,"stat.craftItem.minecraft.torch":168,"stat.pickup.minecraft.dirt":9,"stat.drop.iceandfire.chared_stone":19,"stat.drop.iceandfire.dragon_ice_spikes":5,"stat.drop.iceandfire.chared_grass":1,"stat.pickup.iceandfire.fire_dragon_heart":11,"stat.mineBlock.minecraft.iron_bars":2,"stat.damageTaken":32636,"stat.craftItem.iceandfire.armor_green_leggings":1,"stat.mineBlock.iceandfire.myrmex_desert_biolight":1,"stat.mineBlock.minecraft.torch":1,"stat.mineBlock.minecraft.furnace":2,"stat.pickup.minecraft.log2":11,"stat.craftItem.minecraft.glowstone":8,"stat.pickup.minecraft.bed":12,"tombstone:undead_killed":189,"stat.killEntity.hippogryph":2,"stat.pickup.minecraft.oak_stairs":5,"stat.pickup.minecraft.diamond_axe":7,"stat.drop.iceandfire.dread_stone_bricks":1,"stat.damageDealt":112893,"stat.pickup.iceandfire.chared_grass":7,"stat.killEntity.dread_beast":1,"stat.sleepInBed":8,"stat.craftItem.minecraft.anvil":1,"stat.pickup.minecraft.end_bricks":5,"stat.killEntity.Silverfish":1,"stat.drop.iceandfire.dragonbone_arrow":60,"stat.mineBlock.cqrepoured.unlit_torch":1,"stat.killEntity.Pig":14,"stat.walkOneCm":1075020,"stat.pickup.dynamictrees.birchseed":10,"stat.pickup.minecraft.stick":152,"stat.pickup.iceandfire.dread_torch":1,"stat.pickup.minecraft.diamond_pickaxe":5,"stat.killEntity.ebwizardry:ice_wraith":10,"stat.pickup.iceandfire.armor_gray_chestplate":1,"stat.drop.iceandfire.sapphire_gem":2,"stat.pickup.betteranimalsplus.pheasant_egg":1,"stat.drop.iceandfire.chared_dirt":2,"stat.useItem.tombstone.gift":3,"stat.pickup.iceandfire.dragonscales_blue":51,"stat.killEntity.if_troll":2,"stat.useItem.minecraft.stained_hardened_clay":1,"stat.entityKilledBy.cqr_skeleton":1,"stat.mineBlock.minecraft.packed_ice":8,"stat.drop.minecraft.egg":4,"stat.drop.minecraft.wooden_slab":1,"stat.pickup.tombstone.familiar_receptacle":1,"stat.pickup.minecraft.gold_ingot":3,"stat.killEntity.Stray":1,"stat.killEntity.Skeleton":10,"stat.mineBlock.minecraft.stonebrick":5,"stat.drop.iceandfire.ash":2,"stat.killEntity.Chicken":1,"stat.mineBlock.minecraft.gray_glazed_terracotta":2,"stat.killEntity.Spider":26,"stat.pickup.minecraft.bread":1042,"stat.mineBlock.minecraft.glowstone":11,"stat.pickup.ebwizardry.runestone":1,"stat.mobKills":357,"stat.useItem.minecraft.golden_apple":8,"stat.pickup.minecraft.diamond":6,"stat.mineBlock.minecraft.leaves":2,"stat.pickup.minecraft.torch":224,"stat.killEntity.ebwizardry:remnant":3,"stat.pickup.minecraft.spruce_stairs":1,"stat.killEntity.betteranimalsplus.moose":2,"stat.craftItem.iceandfire.armor_green_boots":1,"stat.killEntity.firedragon":9,"stat.mineBlock.minecraft.hay_block":71,"stat.mineBlock.cqrepoured.force_field_nexus":2,"stat.mineBlock.minecraft.stone":57}