{"stat.pickup.dynamictrees.acaciaseed":5,"stat.useItem.minecraft.bow":256,"stat.drop.iceandfire.silver_ingot":1,"stat.drop.minecraft.waterlily":1,"stat.pickup.minecraft.wooden_slab":2,"stat.pickup.iceandfire.fire_dragon_flesh":46,"stat.leaveGame":5,"stat.drop.dynamictrees.acaciaseed":4,"stat.drop.minecraft.red_mushroom":2,"stat.mineBlock.iceandfire.chared_stone":5,"stat.pickup.ebwizardry.spell_book":10,"stat.useItem.minecraft.diamond_sword":330,"stat.pickup.iceandfire.troll_weapon.axe":1,"stat.mineBlock.minecraft.sandstone":7,"stat.swimOneCm":120859,"stat.pickup.minecraft.enchanted_book":1,"stat.climbOneCm":1619,"stat.useItem.minecraft.planks":16,"stat.mineBlock.minecraft.spruce_stairs":1,"stat.drop.dynamictrees.birchseed":1,"stat.drop.iceandfire.deathworm_chitin":1,"stat.drop.betteranimalsplus.pheasant_egg":1,"stat.useItem.minecraft.stone_slab2":19,"stat.drop.dynamictrees.oakbranch":1,"stat.pickup.minecraft.iron_boots":2,"stat.killEntity.deathworm":9,"stat.pickup.minecraft.sand":2,"stat.useItem.minecraft.egg":1,"stat.pickup.iceandfire.chared_cobblestone":1,"stat.pickup.iceandfire.chain_link":6,"stat.pickup.minecraft.cobblestone":34,"stat.mineBlock.minecraft.wooden_slab":1,"stat.killEntity.if_cockatrice":2,"stat.flyOneCm":1594088,"stat.drop.minecraft.iron_helmet":1,"stat.pickup.minecraft.sandstone":6,"stat.entityKilledBy.firedragon":12,"stat.mineBlock.minecraft.sand":1,"stat.pickup.iceandfire.ash":18,"stat.drop.minecraft.wheat_seeds":4,"stat.timeSinceDeath":50068,"stat.pickup.minecraft.stained_hardened_clay":3,"stat.pickup.minecraft.mutton":10,"stat.pickup.travelersbackpack.travelers_backpack":22,"stat.pickup.cqrepoured.hookshot":2,"stat.pickup.ebwizardry.magic_crystal":540,"stat.pickup.minecraft.carpet":2,"stat.killEntity.ZombieVillager":1,"stat.pickup.iceandfire.dragon_skull":4,"stat.mineBlock.minecraft.coal_ore":24,"stat.drop.iceandfire.dragonbone":1,"stat.pickup.ebwizardry.magic_wand":24,"stat.mineBlock.ebwizardry.runestone":1,"stat.drop.iceandfire.dragon_skull":1,"stat.pickup.tombstone.crafting_ingredient":1,"stat.pickup.minecraft.hay_block":71,"stat.mineBlock.minecraft.stained_hardened_clay":2,"stat.sprintOneCm":594616,"stat.craftItem.minecraft.stick":32,"stat.killEntity.ebwizardry:evil_wizard":9,"stat.useItem.tombstone.magic_scroll":2,"stat.mineBlock.minecraft.diamond_ore":6,"stat.craftItem.ebwizardry.magic_wand":1,"stat.pickup.minecraft.grass":1,"stat.mineBlock.minecraft.crafting_table":4,"stat.killEntity.betteranimalsplus.tarantula":1,"stat.useItem.minecraft.diamond_pickaxe":88,"stat.craftItem.iceandfire.armor_gray_chestplate":1,"stat.drop.iceandfire.fire_dragon_flesh":9,"stat.craftItem.iceandfire.armor_gray_helmet":1,"stat.killEntity.ebwizardry:wizard":4,"stat.deaths":22,"stat.drop":36,"stat.pickup.minecraft.egg":5,"stat.playOneMinute":203705,"stat.drop.tombstone.grave_key":2,"stat.killEntity.Sheep":1,"stat.pickup.tombstone.grave_key":1,"stat.killEntity.Zombie":11,"stat.pickup.iceandfire.chared_dirt":12,"stat.drop.minecraft.torch":36,"stat.mineBlock.minecraft.tallgrass":16,"stat.diveOneCm":98826,"stat.chestOpened":90,"stat.craftItem.iceandfire.armor_green_helmet":1,"stat.pickup.minecraft.waterlily":1,"stat.useItem.minecraft.diamond_axe":269,"stat.pickup.spartanweaponry.quiver_arrow_moderate":5,"stat.pickup.minecraft.obsidian":80,"stat.pickup.minecraft.gold_nugget":55,"stat.useItem.minecraft.carpet":1,"stat.pickup.minecraft.diamond_sword":5,"stat.jump":7605,"stat.useItem.minecraft.experience_bottle":596,"stat.pickup.minecraft.coal":25,"stat.pickup.minecraft.iron_helmet":1,"stat.fallOneCm":228081,"stat.crouchOneCm":9197,"stat.pickup.iceandfire.chared_stone":46,"stat.craftItem.minecraft.torch":96,"stat.craftItem.minecraft.chest":1,"stat.pickup.minecraft.red_mushroom":2,"stat.drop.iceandfire.chared_stone":19,"stat.craftingTableInteraction":9,"stat.drop.iceandfire.chared_grass":1,"stat.pickup.iceandfire.fire_dragon_heart":5,"stat.craftItem.iceandfire.armor_gray_leggings":2,"stat.mineBlock.minecraft.log2":1,"stat.damageTaken":20055,"stat.craftItem.iceandfire.armor_green_leggings":1,"stat.pickup.iceandfire.dragonscales_red":32,"stat.pickup.minecraft.log2":11,"stat.pickup.minecraft.planks":91,"stat.pickup.minecraft.bed":7,"tombstone:undead_killed":21,"stat.killEntity.hippogryph":2,"stat.pickup.minecraft.wheat_seeds":5,"stat.pickup.minecraft.diamond_axe":7,"stat.mineBlock.minecraft.gravel":1,"stat.drop.iceandfire.fire_dragon_heart":1,"stat.damageDealt":28218,"stat.pickup.iceandfire.chared_grass":7,"stat.sleepInBed":2,"stat.craftItem.iceandfire.armor_gray_boots":1,"stat.walkOneCm":389947,"stat.useItem.minecraft.bread":157,"stat.useItem.minecraft.torch":61,"stat.pickup.minecraft.golden_apple":6,"stat.pickup.dynamictrees.birchseed":7,"stat.pickup.minecraft.stick":151,"stat.pickup.minecraft.diamond_pickaxe":5,"stat.pickup.minecraft.crafting_table":9,"stat.useItem.minecraft.cobblestone":16,"stat.craftItem.minecraft.crafting_table":1,"stat.pickup.iceandfire.armor_gray_chestplate":1,"stat.pickup.minecraft.log":8,"stat.pickup.betteranimalsplus.pheasant_egg":1,"stat.drop.iceandfire.chared_dirt":2,"stat.useItem.tombstone.gift":1,"stat.pickup.minecraft.web":1,"stat.killEntity.if_troll":1,"stat.useItem.minecraft.stained_hardened_clay":1,"stat.drop.minecraft.egg":4,"stat.drop.minecraft.wooden_slab":1,"stat.pickup.minecraft.gold_ingot":3,"stat.killEntity.Skeleton":9,"stat.craftItem.minecraft.planks":76,"stat.drop.iceandfire.ash":2,"stat.pickup.minecraft.diamond_helmet":1,"stat.pickup.iceandfire.dragonscales_green":256,"stat.killEntity.Spider":3,"stat.pickup.minecraft.bread":976,"stat.pickup.ebwizardry.runestone":1,"stat.mobKills":77,"stat.pickup.iceandfire.dragonbone":97,"stat.useItem.minecraft.golden_apple":1,"stat.pickup.minecraft.diamond":6,"stat.pickup.minecraft.torch":218,"stat.killEntity.ebwizardry:remnant":3,"stat.pickup.minecraft.spruce_stairs":1,"stat.killEntity.betteranimalsplus.moose":1,"stat.sneakTime":3926,"stat.pickup.minecraft.wool":11,"stat.craftItem.iceandfire.armor_green_boots":1,"stat.drop.minecraft.bucket":1,"stat.killEntity.firedragon":4,"stat.mineBlock.minecraft.hay_block":71,"stat.mineBlock.cqrepoured.force_field_nexus":1,"stat.mineBlock.minecraft.stone":36,"stat.pickup.minecraft.chest":1}