{"stat.useItem.minecraft.bow":256,"stat.pickup.iceandfire.fire_dragon_flesh":22,"stat.leaveGame":3,"stat.mineBlock.iceandfire.chared_stone":5,"stat.useItem.minecraft.diamond_sword":146,"stat.pickup.iceandfire.troll_weapon.axe":1,"stat.swimOneCm":37617,"stat.pickup.minecraft.enchanted_book":1,"stat.climbOneCm":123,"stat.useItem.minecraft.stone_slab2":8,"stat.drop.dynamictrees.oakbranch":1,"stat.pickup.minecraft.iron_boots":2,"stat.pickup.minecraft.sand":1,"stat.pickup.iceandfire.chared_cobblestone":1,"stat.pickup.iceandfire.chain_link":6,"stat.pickup.minecraft.cobblestone":34,"stat.flyOneCm":634339,"stat.drop.minecraft.iron_helmet":1,"stat.entityKilledBy.firedragon":6,"stat.pickup.iceandfire.ash":11,"stat.drop.minecraft.wheat_seeds":2,"stat.timeSinceDeath":19941,"stat.pickup.travelersbackpack.travelers_backpack":1,"stat.killEntity.ZombieVillager":1,"stat.pickup.iceandfire.dragon_skull":2,"stat.mineBlock.minecraft.coal_ore":24,"stat.pickup.tombstone.crafting_ingredient":1,"stat.sprintOneCm":231869,"stat.craftItem.minecraft.stick":32,"stat.killEntity.ebwizardry:evil_wizard":1,"stat.mineBlock.minecraft.diamond_ore":6,"stat.mineBlock.minecraft.crafting_table":1,"stat.useItem.minecraft.diamond_pickaxe":71,"stat.craftItem.iceandfire.armor_gray_chestplate":1,"stat.craftItem.iceandfire.armor_gray_helmet":1,"stat.killEntity.ebwizardry:wizard":1,"stat.deaths":11,"stat.drop":12,"stat.pickup.minecraft.egg":1,"stat.playOneMinute":100121,"stat.drop.tombstone.grave_key":2,"stat.pickup.tombstone.grave_key":1,"stat.killEntity.Zombie":5,"stat.pickup.iceandfire.chared_dirt":10,"stat.diveOneCm":32816,"stat.chestOpened":48,"stat.useItem.minecraft.diamond_axe":3,"stat.pickup.minecraft.gold_nugget":51,"stat.jump":3083,"stat.useItem.minecraft.experience_bottle":596,"stat.pickup.minecraft.coal":25,"stat.pickup.minecraft.iron_helmet":1,"stat.fallOneCm":104637,"stat.crouchOneCm":3007,"stat.pickup.iceandfire.chared_stone":44,"stat.craftItem.minecraft.torch":96,"stat.drop.iceandfire.chared_stone":19,"stat.craftingTableInteraction":2,"stat.drop.iceandfire.chared_grass":1,"stat.pickup.iceandfire.fire_dragon_heart":2,"stat.craftItem.iceandfire.armor_gray_leggings":2,"stat.damageTaken":9434,"stat.pickup.minecraft.bed":1,"tombstone:undead_killed":14,"stat.pickup.minecraft.wheat_seeds":2,"stat.damageDealt":7799,"stat.pickup.iceandfire.chared_grass":6,"stat.sleepInBed":2,"stat.craftItem.iceandfire.armor_gray_boots":1,"stat.walkOneCm":165779,"stat.useItem.minecraft.bread":67,"stat.useItem.minecraft.torch":53,"stat.pickup.minecraft.golden_apple":1,"stat.pickup.minecraft.stick":12,"stat.pickup.minecraft.crafting_table":1,"stat.useItem.minecraft.cobblestone":16,"stat.craftItem.minecraft.crafting_table":1,"stat.pickup.iceandfire.armor_gray_chestplate":1,"stat.pickup.minecraft.log":8,"stat.drop.iceandfire.chared_dirt":2,"stat.useItem.tombstone.gift":1,"stat.pickup.minecraft.web":1,"stat.killEntity.if_troll":1,"stat.drop.minecraft.egg":1,"stat.pickup.minecraft.gold_ingot":3,"stat.killEntity.Skeleton":8,"stat.craftItem.minecraft.planks":32,"stat.drop.iceandfire.ash":1,"stat.pickup.minecraft.diamond_helmet":1,"stat.pickup.iceandfire.dragonscales_green":111,"stat.killEntity.Spider":1,"stat.pickup.minecraft.bread":31,"stat.mobKills":19,"stat.pickup.iceandfire.dragonbone":49,"stat.useItem.minecraft.golden_apple":1,"stat.pickup.minecraft.diamond":6,"stat.sneakTime":1853,"stat.killEntity.firedragon":2,"stat.mineBlock.minecraft.stone":35,"stat.pickup.minecraft.chest":1}