{"stat.useItem.minecraft.bow":256,"stat.pickup.iceandfire.fire_dragon_flesh":22,"stat.leaveGame":2,"stat.mineBlock.iceandfire.chared_stone":5,"stat.useItem.minecraft.diamond_sword":123,"stat.pickup.iceandfire.troll_weapon.axe":1,"stat.swimOneCm":37274,"stat.pickup.minecraft.enchanted_book":1,"stat.climbOneCm":123,"stat.useItem.minecraft.stone_slab2":8,"stat.drop.dynamictrees.oakbranch":1,"stat.pickup.minecraft.iron_boots":1,"stat.pickup.minecraft.sand":1,"stat.pickup.minecraft.cobblestone":34,"stat.flyOneCm":554398,"stat.entityKilledBy.firedragon":6,"stat.pickup.iceandfire.ash":11,"stat.drop.minecraft.wheat_seeds":2,"stat.timeSinceDeath":8440,"stat.pickup.travelersbackpack.travelers_backpack":1,"stat.killEntity.ZombieVillager":1,"stat.pickup.iceandfire.dragon_skull":2,"stat.mineBlock.minecraft.coal_ore":24,"stat.pickup.tombstone.crafting_ingredient":1,"stat.sprintOneCm":197203,"stat.craftItem.minecraft.stick":32,"stat.mineBlock.minecraft.diamond_ore":1,"stat.mineBlock.minecraft.crafting_table":1,"stat.useItem.minecraft.diamond_pickaxe":66,"stat.craftItem.iceandfire.armor_gray_chestplate":1,"stat.craftItem.iceandfire.armor_gray_helmet":1,"stat.killEntity.ebwizardry:wizard":1,"stat.deaths":11,"stat.drop":10,"stat.pickup.minecraft.egg":1,"stat.playOneMinute":88620,"stat.drop.tombstone.grave_key":2,"stat.pickup.tombstone.grave_key":1,"stat.killEntity.Zombie":3,"stat.pickup.iceandfire.chared_dirt":10,"stat.diveOneCm":32816,"stat.chestOpened":14,"stat.useItem.minecraft.diamond_axe":3,"stat.pickup.minecraft.gold_nugget":4,"stat.jump":2712,"stat.useItem.minecraft.experience_bottle":596,"stat.pickup.minecraft.coal":24,"stat.fallOneCm":94464,"stat.crouchOneCm":2865,"stat.pickup.iceandfire.chared_stone":37,"stat.craftItem.minecraft.torch":96,"stat.drop.iceandfire.chared_stone":16,"stat.craftingTableInteraction":2,"stat.drop.iceandfire.chared_grass":1,"stat.pickup.iceandfire.fire_dragon_heart":2,"stat.craftItem.iceandfire.armor_gray_leggings":2,"stat.damageTaken":9119,"stat.pickup.minecraft.bed":1,"tombstone:undead_killed":6,"stat.pickup.minecraft.wheat_seeds":2,"stat.damageDealt":5829,"stat.pickup.iceandfire.chared_grass":6,"stat.sleepInBed":2,"stat.craftItem.iceandfire.armor_gray_boots":1,"stat.walkOneCm":146533,"stat.useItem.minecraft.bread":59,"stat.useItem.minecraft.torch":31,"stat.pickup.minecraft.golden_apple":1,"stat.pickup.minecraft.stick":12,"stat.pickup.minecraft.crafting_table":1,"stat.useItem.minecraft.cobblestone":16,"stat.craftItem.minecraft.crafting_table":1,"stat.pickup.minecraft.log":8,"stat.drop.iceandfire.chared_dirt":2,"stat.useItem.tombstone.gift":1,"stat.killEntity.if_troll":1,"stat.drop.minecraft.egg":1,"stat.killEntity.Skeleton":2,"stat.craftItem.minecraft.planks":32,"stat.drop.iceandfire.ash":1,"stat.pickup.minecraft.diamond_helmet":1,"stat.pickup.iceandfire.dragonscales_green":111,"stat.killEntity.Spider":1,"stat.pickup.minecraft.bread":31,"stat.mobKills":10,"stat.pickup.iceandfire.dragonbone":49,"stat.useItem.minecraft.golden_apple":1,"stat.pickup.minecraft.diamond":1,"stat.sneakTime":1816,"stat.killEntity.firedragon":2,"stat.mineBlock.minecraft.stone":35}