{"stat.chestOpened":11,"stat.useItem.minecraft.bow":256,"stat.walkOneCm":101281,"stat.useItem.minecraft.bread":34,"stat.useItem.minecraft.torch":4,"stat.pickup.minecraft.golden_apple":1,"stat.pickup.travelersbackpack.travelers_backpack":1,"stat.pickup.iceandfire.fire_dragon_flesh":4,"stat.pickup.minecraft.stick":12,"stat.pickup.minecraft.crafting_table":1,"stat.useItem.minecraft.diamond_axe":3,"stat.useItem.minecraft.cobblestone":3,"stat.craftItem.minecraft.crafting_table":1,"stat.mineBlock.iceandfire.chared_stone":1,"stat.killEntity.ZombieVillager":1,"stat.pickup.iceandfire.dragon_skull":1,"stat.mineBlock.minecraft.coal_ore":7,"stat.pickup.minecraft.gold_nugget":1,"stat.useItem.minecraft.diamond_sword":80,"stat.pickup.iceandfire.troll_weapon.axe":1,"stat.pickup.minecraft.log":8,"stat.swimOneCm":33191,"stat.jump":2100,"stat.useItem.minecraft.experience_bottle":596,"stat.pickup.minecraft.coal":7,"stat.drop.iceandfire.chared_dirt":2,"stat.fallOneCm":62149,"stat.pickup.minecraft.enchanted_book":1,"stat.climbOneCm":123,"stat.useItem.tombstone.gift":1,"stat.pickup.tombstone.crafting_ingredient":1,"stat.crouchOneCm":1757,"stat.pickup.iceandfire.chared_stone":20,"stat.killEntity.if_troll":1,"stat.craftItem.minecraft.torch":28,"stat.drop.minecraft.egg":1,"stat.sprintOneCm":143372,"stat.useItem.minecraft.stone_slab2":6,"stat.drop.dynamictrees.oakbranch":1,"stat.craftItem.minecraft.stick":32,"stat.drop.iceandfire.chared_stone":16,"stat.craftingTableInteraction":2,"stat.drop.iceandfire.chared_grass":1,"stat.killEntity.Skeleton":2,"stat.pickup.iceandfire.fire_dragon_heart":1,"stat.craftItem.iceandfire.armor_gray_leggings":2,"stat.craftItem.minecraft.planks":32,"stat.drop.iceandfire.ash":1,"stat.pickup.iceandfire.dragonscales_green":26,"stat.damageTaken":6763,"stat.killEntity.Spider":1,"stat.mineBlock.minecraft.crafting_table":1,"stat.useItem.minecraft.diamond_pickaxe":37,"stat.pickup.minecraft.bread":31,"stat.craftItem.iceandfire.armor_gray_chestplate":1,"stat.mobKills":9,"stat.pickup.minecraft.cobblestone":28,"stat.craftItem.iceandfire.armor_gray_helmet":1,"stat.pickup.iceandfire.dragonbone":13,"stat.useItem.minecraft.golden_apple":1,"stat.flyOneCm":395033,"stat.killEntity.ebwizardry:wizard":1,"stat.pickup.minecraft.bed":1,"stat.deaths":9,"tombstone:undead_killed":6,"stat.entityKilledBy.firedragon":4,"stat.drop":10,"stat.pickup.minecraft.wheat_seeds":2,"stat.pickup.minecraft.egg":1,"stat.pickup.iceandfire.ash":4,"stat.playOneMinute":68922,"stat.drop.minecraft.wheat_seeds":2,"stat.drop.tombstone.grave_key":2,"stat.pickup.tombstone.grave_key":1,"stat.sneakTime":773,"stat.damageDealt":4430,"stat.pickup.iceandfire.chared_grass":2,"stat.sleepInBed":2,"stat.killEntity.Zombie":3,"stat.killEntity.firedragon":1,"stat.timeSinceDeath":4869,"stat.craftItem.iceandfire.armor_gray_boots":1,"stat.pickup.iceandfire.chared_dirt":7,"stat.mineBlock.minecraft.stone":28,"stat.diveOneCm":32533}