{"stat.pickup.dynamictrees.acaciaseed":3,"stat.useItem.minecraft.bow":256,"stat.drop.minecraft.waterlily":1,"stat.pickup.minecraft.wooden_slab":2,"stat.pickup.iceandfire.fire_dragon_flesh":31,"stat.leaveGame":5,"stat.drop.dynamictrees.acaciaseed":3,"stat.mineBlock.iceandfire.chared_stone":5,"stat.useItem.minecraft.diamond_sword":328,"stat.pickup.iceandfire.troll_weapon.axe":1,"stat.mineBlock.minecraft.sandstone":7,"stat.swimOneCm":113613,"stat.pickup.minecraft.enchanted_book":1,"stat.climbOneCm":1619,"stat.useItem.minecraft.planks":11,"stat.mineBlock.minecraft.spruce_stairs":1,"stat.drop.betteranimalsplus.pheasant_egg":1,"stat.useItem.minecraft.stone_slab2":15,"stat.drop.dynamictrees.oakbranch":1,"stat.pickup.minecraft.iron_boots":2,"stat.killEntity.deathworm":7,"stat.pickup.minecraft.sand":2,"stat.useItem.minecraft.egg":1,"stat.pickup.iceandfire.chared_cobblestone":1,"stat.pickup.iceandfire.chain_link":6,"stat.pickup.minecraft.cobblestone":34,"stat.mineBlock.minecraft.wooden_slab":1,"stat.killEntity.if_cockatrice":2,"stat.flyOneCm":1374414,"stat.drop.minecraft.iron_helmet":1,"stat.pickup.minecraft.sandstone":6,"stat.entityKilledBy.firedragon":12,"stat.mineBlock.minecraft.sand":1,"stat.pickup.iceandfire.ash":18,"stat.drop.minecraft.wheat_seeds":4,"stat.timeSinceDeath":24868,"stat.pickup.minecraft.stained_hardened_clay":3,"stat.pickup.travelersbackpack.travelers_backpack":1,"stat.pickup.minecraft.carpet":2,"stat.killEntity.ZombieVillager":1,"stat.pickup.iceandfire.dragon_skull":4,"stat.mineBlock.minecraft.coal_ore":24,"stat.mineBlock.ebwizardry.runestone":1,"stat.drop.iceandfire.dragon_skull":1,"stat.pickup.tombstone.crafting_ingredient":1,"stat.pickup.minecraft.hay_block":71,"stat.mineBlock.minecraft.stained_hardened_clay":2,"stat.sprintOneCm":496604,"stat.craftItem.minecraft.stick":32,"stat.killEntity.ebwizardry:evil_wizard":9,"stat.useItem.tombstone.magic_scroll":2,"stat.mineBlock.minecraft.diamond_ore":6,"stat.craftItem.ebwizardry.magic_wand":1,"stat.pickup.minecraft.grass":1,"stat.mineBlock.minecraft.crafting_table":4,"stat.useItem.minecraft.diamond_pickaxe":87,"stat.craftItem.iceandfire.armor_gray_chestplate":1,"stat.drop.iceandfire.fire_dragon_flesh":6,"stat.craftItem.iceandfire.armor_gray_helmet":1,"stat.killEntity.ebwizardry:wizard":3,"stat.deaths":22,"stat.drop":25,"stat.pickup.minecraft.egg":5,"stat.playOneMinute":178505,"stat.drop.tombstone.grave_key":2,"stat.killEntity.Sheep":1,"stat.pickup.tombstone.grave_key":1,"stat.killEntity.Zombie":10,"stat.pickup.iceandfire.chared_dirt":12,"stat.mineBlock.minecraft.tallgrass":16,"stat.diveOneCm":98466,"stat.chestOpened":74,"stat.craftItem.iceandfire.armor_green_helmet":1,"stat.pickup.minecraft.waterlily":1,"stat.useItem.minecraft.diamond_axe":225,"stat.pickup.minecraft.gold_nugget":55,"stat.useItem.minecraft.carpet":1,"stat.jump":6858,"stat.useItem.minecraft.experience_bottle":596,"stat.pickup.minecraft.coal":25,"stat.pickup.minecraft.iron_helmet":1,"stat.fallOneCm":202308,"stat.crouchOneCm":6904,"stat.pickup.iceandfire.chared_stone":46,"stat.craftItem.minecraft.torch":96,"stat.drop.iceandfire.chared_stone":19,"stat.craftingTableInteraction":8,"stat.drop.iceandfire.chared_grass":1,"stat.pickup.iceandfire.fire_dragon_heart":3,"stat.craftItem.iceandfire.armor_gray_leggings":2,"stat.mineBlock.minecraft.log2":1,"stat.damageTaken":19425,"stat.craftItem.iceandfire.armor_green_leggings":1,"stat.pickup.iceandfire.dragonscales_red":7,"stat.pickup.minecraft.log2":7,"stat.pickup.minecraft.planks":6,"stat.pickup.minecraft.bed":2,"tombstone:undead_killed":19,"stat.killEntity.hippogryph":2,"stat.pickup.minecraft.wheat_seeds":5,"stat.pickup.minecraft.diamond_axe":2,"stat.mineBlock.minecraft.gravel":1,"stat.damageDealt":24961,"stat.pickup.iceandfire.chared_grass":7,"stat.sleepInBed":2,"stat.craftItem.iceandfire.armor_gray_boots":1,"stat.walkOneCm":328447,"stat.useItem.minecraft.bread":138,"stat.useItem.minecraft.torch":61,"stat.pickup.minecraft.golden_apple":1,"stat.pickup.dynamictrees.birchseed":1,"stat.pickup.minecraft.stick":19,"stat.pickup.minecraft.crafting_table":4,"stat.useItem.minecraft.cobblestone":16,"stat.craftItem.minecraft.crafting_table":1,"stat.pickup.iceandfire.armor_gray_chestplate":1,"stat.pickup.minecraft.log":8,"stat.pickup.betteranimalsplus.pheasant_egg":1,"stat.drop.iceandfire.chared_dirt":2,"stat.useItem.tombstone.gift":1,"stat.pickup.minecraft.web":1,"stat.killEntity.if_troll":1,"stat.useItem.minecraft.stained_hardened_clay":1,"stat.drop.minecraft.egg":4,"stat.drop.minecraft.wooden_slab":1,"stat.pickup.minecraft.gold_ingot":3,"stat.killEntity.Skeleton":8,"stat.craftItem.minecraft.planks":60,"stat.drop.iceandfire.ash":2,"stat.pickup.minecraft.diamond_helmet":1,"stat.pickup.iceandfire.dragonscales_green":256,"stat.killEntity.Spider":2,"stat.pickup.minecraft.bread":31,"stat.pickup.ebwizardry.runestone":1,"stat.mobKills":69,"stat.pickup.iceandfire.dragonbone":91,"stat.useItem.minecraft.golden_apple":1,"stat.pickup.minecraft.diamond":6,"stat.pickup.minecraft.torch":38,"stat.killEntity.ebwizardry:remnant":3,"stat.pickup.minecraft.spruce_stairs":1,"stat.killEntity.betteranimalsplus.moose":1,"stat.sneakTime":3202,"stat.pickup.minecraft.wool":1,"stat.craftItem.iceandfire.armor_green_boots":1,"stat.drop.minecraft.bucket":1,"stat.killEntity.firedragon":4,"stat.mineBlock.minecraft.hay_block":71,"stat.mineBlock.cqrepoured.force_field_nexus":1,"stat.mineBlock.minecraft.stone":36,"stat.pickup.minecraft.chest":1}