{"stat.useItem.minecraft.bow":3,"stat.walkOneCm":19601,"stat.useItem.minecraft.bread":5,"stat.damageTaken":227,"stat.useItem.minecraft.diamond_pickaxe":29,"stat.mobKills":1,"stat.mineBlock.minecraft.coal_ore":7,"stat.pickup.minecraft.cobblestone":22,"stat.useItem.minecraft.diamond_sword":10,"stat.pickup.iceandfire.troll_weapon.axe":1,"stat.flyOneCm":61425,"stat.drop":1,"stat.jump":136,"stat.swimOneCm":650,"stat.playOneMinute":20322,"stat.useItem.minecraft.experience_bottle":596,"stat.pickup.minecraft.coal":7,"stat.fallOneCm":4891,"stat.sneakTime":275,"stat.damageDealt":480,"stat.crouchOneCm":369,"stat.sleepInBed":1,"stat.killEntity.if_troll":1,"stat.timeSinceDeath":20322,"stat.sprintOneCm":16682,"stat.useItem.minecraft.stone_slab2":1,"stat.mineBlock.minecraft.stone":22,"stat.drop.dynamictrees.oakbranch":1}