{"stat.chestOpened":11,"stat.useItem.minecraft.bow":253,"stat.walkOneCm":80772,"stat.useItem.minecraft.bread":21,"stat.useItem.minecraft.torch":4,"stat.pickup.minecraft.golden_apple":1,"stat.pickup.travelersbackpack.travelers_backpack":1,"stat.pickup.iceandfire.fire_dragon_flesh":4,"stat.pickup.minecraft.stick":7,"stat.useItem.minecraft.diamond_axe":1,"stat.useItem.minecraft.cobblestone":3,"stat.killEntity.ZombieVillager":1,"stat.pickup.iceandfire.dragon_skull":1,"stat.mineBlock.minecraft.coal_ore":7,"stat.pickup.minecraft.gold_nugget":1,"stat.useItem.minecraft.diamond_sword":61,"stat.pickup.iceandfire.troll_weapon.axe":1,"stat.pickup.minecraft.log":4,"stat.swimOneCm":15771,"stat.jump":1792,"stat.useItem.minecraft.experience_bottle":596,"stat.pickup.minecraft.coal":7,"stat.fallOneCm":46498,"stat.pickup.minecraft.enchanted_book":1,"stat.climbOneCm":123,"stat.useItem.tombstone.gift":1,"stat.pickup.tombstone.crafting_ingredient":1,"stat.crouchOneCm":607,"stat.killEntity.if_troll":1,"stat.craftItem.minecraft.torch":28,"stat.drop.minecraft.egg":1,"stat.sprintOneCm":110188,"stat.useItem.minecraft.stone_slab2":5,"stat.drop.dynamictrees.oakbranch":1,"stat.craftItem.minecraft.stick":32,"stat.killEntity.Skeleton":1,"stat.pickup.iceandfire.fire_dragon_heart":1,"stat.craftItem.minecraft.planks":16,"stat.pickup.iceandfire.dragonscales_green":26,"stat.damageTaken":4899,"stat.useItem.minecraft.diamond_pickaxe":36,"stat.pickup.minecraft.bread":31,"stat.mobKills":7,"stat.pickup.minecraft.cobblestone":28,"stat.pickup.iceandfire.dragonbone":13,"stat.useItem.minecraft.golden_apple":1,"stat.flyOneCm":285555,"stat.killEntity.ebwizardry:wizard":1,"stat.pickup.minecraft.bed":1,"stat.deaths":7,"tombstone:undead_killed":5,"stat.entityKilledBy.firedragon":3,"stat.drop":4,"stat.pickup.minecraft.egg":1,"stat.pickup.iceandfire.ash":3,"stat.playOneMinute":57222,"stat.drop.tombstone.grave_key":2,"stat.pickup.tombstone.grave_key":1,"stat.sneakTime":525,"stat.damageDealt":3453,"stat.sleepInBed":2,"stat.killEntity.Zombie":3,"stat.killEntity.firedragon":1,"stat.timeSinceDeath":2540,"stat.mineBlock.minecraft.stone":28,"stat.diveOneCm":10528}