{"stat.useItem.minecraft.bow":258,"stat.drop.iceandfire.silver_ingot":1,"stat.drop.minecraft.waterlily":1,"stat.pickup.minecraft.wooden_slab":4,"stat.pickup.iceandfire.fire_dragon_flesh":58,"stat.leaveGame":12,"stat.pickup.ebwizardry.spell_book":10,"stat.mineBlock.iceandfire.myrmex_resin_sticky":1,"stat.mineBlock.minecraft.sandstone":31,"stat.mineBlock.minecraft.stained_glass":3,"stat.useItem.minecraft.planks":38,"stat.drop.dynamictrees.birchseed":1,"stat.pickup.minecraft.glowstone_dust":6,"stat.drop.betteranimalsplus.pheasant_egg":1,"stat.pickup.minecraft.sand":13,"stat.pickup.iceandfire.chared_cobblestone":1,"stat.killEntity.Enderman":1,"stat.mineBlock.minecraft.wooden_slab":1,"stat.killEntity.if_cockatrice":2,"stat.entityKilledBy.firedragon":12,"stat.killEntity.cqr_lich":1,"stat.pickup.minecraft.brown_mushroom":1,"stat.mineBlock.minecraft.sand":2,"stat.pickup.iceandfire.ash":18,"stat.drop.minecraft.sand":6,"stat.pickup.minecraft.stained_hardened_clay":5,"stat.killEntity.myrmex_worker":7,"stat.useItem.ebwizardry.magic_wand":1,"stat.pickup.minecraft.armor_stand":2,"stat.pickup.cqrepoured.hookshot":2,"stat.pickup.cqrepoured.table_oak":1,"stat.furnaceInteraction":1,"stat.killEntity.ZombieVillager":4,"stat.pickup.iceandfire.dragon_skull":7,"stat.drop.iceandfire.dragonbone":4,"stat.mineBlock.ebwizardry.runestone":1,"stat.drop.iceandfire.dragon_skull":1,"stat.pickup.minecraft.hay_block":71,"stat.mineBlock.minecraft.stained_hardened_clay":4,"stat.craftItem.ebwizardry.magic_wand":1,"stat.killEntity.betteranimalsplus.tarantula":1,"stat.killEntity.Husk":1,"stat.pickup.minecraft.pumpkin_seeds":1,"stat.deaths":23,"stat.pickup.minecraft.egg":5,"stat.drop.iceandfire.dragonbone_sword_fire":2,"stat.playOneMinute":298235,"stat.pickup.minecraft.iron_bars":2,"stat.drop.minecraft.torch":36,"stat.drop.minecraft.glass_bottle":1,"stat.useItem.minecraft.gray_glazed_terracotta":8,"stat.mineBlock.minecraft.tallgrass":22,"stat.chestOpened":117,"stat.pickup.minecraft.waterlily":3,"stat.pickup.minecraft.gold_nugget":55,"stat.killEntity.myrmex_royal":6,"stat.useItem.minecraft.experience_bottle":596,"stat.fallOneCm":273866,"stat.crouchOneCm":20851,"stat.craftItem.minecraft.chest":1,"stat.pickup.minecraft.painting":7,"stat.pickup.minecraft.red_mushroom":2,"stat.craftingTableInteraction":10,"stat.craftItem.iceandfire.armor_gray_leggings":2,"stat.mineBlock.minecraft.log2":1,"stat.pickup.iceandfire.dragonscales_red":32,"stat.pickup.minecraft.planks":153,"stat.pickup.minecraft.iron_leggings":2,"stat.pickup.minecraft.wheat_seeds":11,"stat.mineBlock.minecraft.gravel":1,"stat.drop.iceandfire.fire_dragon_heart":1,"stat.craftItem.iceandfire.armor_gray_boots":1,"stat.mineBlock.iceandfire.myrmex_resin":4,"stat.useItem.minecraft.bread":243,"stat.useItem.minecraft.torch":88,"stat.pickup.minecraft.golden_apple":6,"stat.pickup.minecraft.crafting_table":9,"stat.useItem.minecraft.cobblestone":16,"stat.craftItem.minecraft.crafting_table":1,"stat.pickup.minecraft.log":8,"stat.craftItem.minecraft.gold_ingot":9,"stat.pickup.minecraft.web":1,"stat.pickup.minecraft.wooden_door":2,"stat.pickup.iceandfire.dragonscales_gray":20,"stat.pickup.minecraft.apple":2,"stat.drop.minecraft.bow":1,"stat.craftItem.minecraft.planks":76,"stat.pickup.minecraft.diamond_helmet":1,"stat.pickup.iceandfire.dragonscales_green":256,"stat.killEntity.WitherSkeleton":1,"tombstone:kill_undead_boss":1,"stat.mineBlock.minecraft.waterlily":1,"stat.pickup.iceandfire.dragonbone":130,"stat.sneakTime":9041,"stat.pickup.minecraft.wool":11,"stat.drop.minecraft.bucket":1,"stat.useItem.tombstone.tablet_of_assistance":5,"stat.pickup.minecraft.chest":1,"stat.pickup.dynamictrees.acaciaseed":5,"stat.killEntity.myrmex_sentinel":12,"stat.drop.dynamictrees.acaciaseed":4,"stat.drop.minecraft.red_mushroom":2,"stat.mineBlock.iceandfire.chared_stone":5,"stat.useItem.minecraft.diamond_sword":620,"stat.pickup.iceandfire.troll_weapon.axe":1,"stat.swimOneCm":130697,"stat.pickup.minecraft.enchanted_book":2,"stat.climbOneCm":2240,"stat.mineBlock.minecraft.spruce_stairs":1,"stat.drop.iceandfire.deathworm_chitin":1,"stat.killEntity.betteranimalsplus.boar":4,"stat.useItem.minecraft.stone_slab2":23,"stat.pickup.minecraft.bow":1,"stat.drop.dynamictrees.oakbranch":1,"stat.pickup.minecraft.iron_boots":3,"stat.killEntity.deathworm":9,"stat.entityKilledBy.cqr_mummy":1,"stat.useItem.minecraft.egg":1,"stat.pickup.iceandfire.chain_link":6,"stat.pickup.minecraft.cobblestone":36,"stat.pickup.iceandfire.myrmex_resin":5,"stat.flyOneCm":2240982,"stat.drop.minecraft.iron_helmet":1,"stat.pickup.minecraft.sandstone":28,"stat.drop.minecraft.wheat_seeds":8,"stat.pickup.iceandfire.myrmex_desert_biolight":2,"stat.timeSinceDeath":65248,"stat.pickup.minecraft.mutton":10,"stat.mineBlock.ebwizardry.arcane_workbench":1,"stat.pickup.ebwizardry.arcane_workbench":2,"stat.pickup.travelersbackpack.travelers_backpack":22,"stat.pickup.minecraft.chainmail_helmet":1,"stat.pickup.minecraft.stonebrick":85,"stat.pickup.ebwizardry.magic_crystal":1071,"stat.pickup.minecraft.carpet":2,"stat.mineBlock.minecraft.coal_ore":24,"stat.drop.cqrepoured.great_sword_iron":1,"stat.talkedToVillager":5,"stat.pickup.ebwizardry.magic_wand":58,"stat.pickup.tombstone.crafting_ingredient":1,"stat.pickup.minecraft.sandstone_stairs":4,"stat.sprintOneCm":806690,"stat.pickup.minecraft.gray_glazed_terracotta":37,"stat.craftItem.minecraft.stick":32,"stat.killEntity.ebwizardry:evil_wizard":9,"stat.useItem.tombstone.magic_scroll":2,"stat.mineBlock.minecraft.diamond_ore":6,"stat.pickup.minecraft.grass":1,"stat.killEntity.myrmex_soldier":6,"stat.mineBlock.minecraft.crafting_table":4,"stat.useItem.minecraft.diamond_pickaxe":136,"stat.killEntity.cqr_mummy":11,"stat.craftItem.iceandfire.armor_gray_chestplate":1,"stat.drop.iceandfire.fire_dragon_flesh":9,"stat.pickup.iceandfire.dragonbone_sword_fire":2,"stat.drop.minecraft.golden_apple":1,"stat.craftItem.iceandfire.armor_gray_helmet":1,"stat.killEntity.ebwizardry:wizard":5,"stat.drop":52,"stat.drop.tombstone.grave_key":2,"stat.killEntity.Sheep":1,"stat.pickup.tombstone.grave_key":1,"stat.killEntity.Zombie":25,"stat.useItem.cqrepoured.great_sword_iron":11,"stat.drop.minecraft.bread":44,"stat.pickup.iceandfire.chared_dirt":12,"stat.diveOneCm":102658,"stat.craftItem.iceandfire.armor_green_helmet":1,"stat.useItem.minecraft.diamond_axe":282,"stat.pickup.spartanweaponry.quiver_arrow_moderate":5,"stat.pickup.minecraft.obsidian":80,"stat.useItem.minecraft.carpet":1,"stat.useItem.minecraft.potion":2,"stat.pickup.minecraft.stone_brick_stairs":7,"stat.pickup.minecraft.diamond_sword":7,"stat.jump":8913,"stat.pickup.minecraft.coal":25,"stat.pickup.minecraft.iron_helmet":1,"stat.drop.minecraft.diamond_sword":1,"stat.pickup.iceandfire.chared_stone":50,"stat.craftItem.minecraft.torch":96,"stat.pickup.minecraft.dirt":2,"stat.drop.iceandfire.chared_stone":19,"stat.drop.iceandfire.chared_grass":1,"stat.pickup.iceandfire.fire_dragon_heart":7,"stat.mineBlock.minecraft.iron_bars":2,"stat.damageTaken":25347,"stat.craftItem.iceandfire.armor_green_leggings":1,"stat.mineBlock.iceandfire.myrmex_desert_biolight":1,"stat.pickup.minecraft.log2":11,"stat.pickup.minecraft.bed":7,"tombstone:undead_killed":53,"stat.killEntity.hippogryph":2,"stat.pickup.minecraft.oak_stairs":3,"stat.pickup.minecraft.diamond_axe":7,"stat.damageDealt":62142,"stat.pickup.iceandfire.chared_grass":7,"stat.sleepInBed":2,"stat.pickup.minecraft.end_bricks":5,"stat.walkOneCm":646087,"stat.pickup.dynamictrees.birchseed":7,"stat.pickup.minecraft.stick":151,"stat.pickup.minecraft.diamond_pickaxe":5,"stat.pickup.iceandfire.armor_gray_chestplate":1,"stat.pickup.betteranimalsplus.pheasant_egg":1,"stat.drop.iceandfire.chared_dirt":2,"stat.useItem.tombstone.gift":3,"stat.killEntity.if_troll":1,"stat.useItem.minecraft.stained_hardened_clay":1,"stat.drop.minecraft.egg":4,"stat.drop.minecraft.wooden_slab":1,"stat.pickup.minecraft.gold_ingot":3,"stat.killEntity.Skeleton":10,"stat.drop.iceandfire.ash":2,"stat.mineBlock.minecraft.gray_glazed_terracotta":2,"stat.killEntity.Spider":26,"stat.pickup.minecraft.bread":1042,"stat.mineBlock.minecraft.glowstone":2,"stat.pickup.ebwizardry.runestone":1,"stat.mobKills":171,"stat.useItem.minecraft.golden_apple":4,"stat.pickup.minecraft.diamond":6,"stat.pickup.minecraft.torch":221,"stat.killEntity.ebwizardry:remnant":3,"stat.pickup.minecraft.spruce_stairs":1,"stat.killEntity.betteranimalsplus.moose":1,"stat.craftItem.iceandfire.armor_green_boots":1,"stat.killEntity.firedragon":5,"stat.mineBlock.minecraft.hay_block":71,"stat.mineBlock.cqrepoured.force_field_nexus":1,"stat.mineBlock.minecraft.stone":38}