{
  "minecraft:recipes/redstone/dispenser": {
    "criteria": {
      "has_bow": "2024-06-29 17:22:46 +0000"
    },
    "done": true
  },
  "betteranimalsplus:root": {
    "criteria": {
      "tick": "2024-06-29 17:16:37 +0000"
    },
    "done": true
  },
  "tombstone:tutorial/root": {
    "criteria": {
      "auto": "2024-06-29 17:16:36 +0000"
    },
    "done": true
  },
  "iceandfire:iceandfire/root": {
    "criteria": {
      "tick": "2024-06-29 17:16:37 +0000"
    },
    "done": true
  },
  "cqrepoured:cqr/new_captain": {
    "criteria": {
      "captain_revolver": "2024-06-29 17:19:30 +0000"
    },
    "done": false
  },
  "minecraft:recipes/decorations/chest": {
    "criteria": {
      "has_lots_of_items": "2024-06-29 17:21:43 +0000"
    },
    "done": true
  },
  "minecraft:story/shiny_gear": {
    "criteria": {
      "diamond_helmet": "2024-06-29 17:18:51 +0000"
    },
    "done": true
  },
  "ebwizardry:handbook/arcane_workbench": {
    "criteria": {
      "criteria_0": "2024-06-29 17:21:49 +0000"
    },
    "done": true
  },
  "mowziesmobs:root": {
    "criteria": {
      "custom_test_name": "2024-06-29 17:16:37 +0000"
    },
    "done": true
  },
  "minecraft:adventure/adventuring_time": {
    "criteria": {
      "forest": "2024-06-29 17:16:36 +0000",
      "forest_hills": "2024-06-29 17:17:31 +0000"
    },
    "done": false
  },
  "ebwizardry:handbook/tome_of_arcana": {
    "criteria": {
      "criteria_0": "2024-06-29 17:21:43 +0000"
    },
    "done": false
  },
  "cqrepoured:cqr/root": {
    "criteria": {
      "tick": "2024-06-29 17:16:37 +0000"
    },
    "done": true
  }
}